Ambient temp,Direct normal solar,Diffuse horizontal solar
4.2,807,80
5.7,862,90
7.2,877,95
8.1,862,96
8.4,804,93
8.7,688,82
8.2,476,54
6.7,64,9
5.3,0,0
4.3,0,0
3.8,0,0
3.3,0,0
3.1,0,0
3.1,0,0
3,0,0
2.7,0,0
2.2,0,0
1.7,0,0
1.3,0,0
1,0,0
0.7,0,0
1.4,1,0
3,252,36
4.6,584,74
5.8,747,89
6.7,830,94
7.6,862,94
8,862,91
7.9,821,85
7.8,731,73
7.1,531,50
5.7,69,10
4.4,0,0
3.6,0,0
3.4,0,0
3.2,0,0
2.6,0,0
1.6,0,0
0.6,0,0
-0.1,0,0
-0.4,0,0
-0.8,0,0
-1.1,0,0
-1.3,0,0
-1.6,0,0
-0.8,2,0
1.1,335,32
2.9,667,64
4.5,802,78
5.8,863,87
7.1,881,93
7.6,868,93
7.2,817,90
6.9,726,77
5.8,542,51
4.1,90,10
2.4,0,0
1.6,0,0
1.7,0,0
1.8,0,0
1.5,0,0
0.8,0,0
0.1,0,0
-0.5,0,0
-1,0,0
-1.5,0,0
-1.9,0,0
-2.2,0,0
-2.5,0,0
-1.6,2,0
0.3,367,31
2.2,702,62
3.9,820,79
5.4,873,90
6.8,892,93
7.7,892,88
8,840,85
8.3,735,75
7.7,524,52
6.4,82,10
5.1,0,0
4.1,0,0
3.5,0,0
2.9,0,0
2.8,0,0
3.1,0,0
3.5,0,0
3.7,0,0
3.8,0,0
3.9,0,0
3.7,0,0
3.2,0,0
2.8,0,0
3.2,1,0
4.4,218,37
5.6,514,82
7,679,102
8.7,745,116
10.4,770,122
11.3,783,114
11.3,749,103
11.4,662,85
10.4,456,58
8.4,68,11
6.3,0,0
5.4,0,0
5.5,0,0
5.6,0,0
5.1,0,0
4.1,0,0
3,0,0
2.1,0,0
1.4,0,0
0.6,0,0
-0.1,0,0
-0.6,0,0
-1.2,0,0
-0.6,1,0
1.3,255,38
3.1,379,114
4.2,719,100
4.7,609,169
5.3,47,240
5.6,0,149
5.7,0,130
5.9,0,151
5.5,0,85
4.6,0,8
3.7,0,0
3.1,0,0
2.9,0,0
2.6,0,0
2,0,0
1.1,0,0
0.2,0,0
-0.4,0,0
-0.6,0,0
-0.9,0,0
-1.1,0,0
-1.4,0,0
-1.7,0,0
-0.9,2,0
1.2,350,31
3.2,689,62
4.8,815,78
5.9,874,86
7,893,91
7.6,879,92
7.7,839,86
7.8,744,75
7,536,54
5.3,97,12
3.5,0,0
2.7,0,0
2.8,0,0
2.9,0,0
2.2,0,0
0.6,0,0
-0.9,0,0
-1.8,0,0
-2,0,0
-2.3,0,0
-2.3,0,0
-2.2,0,0
-2,0,0
-1,1,0
0.7,188,40
2.4,542,81
4.2,572,138
6.3,680,143
8.3,713,148
9.5,722,140
10,747,109
10.5,616,100
9.7,467,60
7.8,80,13
5.9,0,0
4.7,0,0
4.3,0,0
3.9,0,0
3.5,0,0
3,0,0
2.5,0,0
2.1,0,0
1.8,0,0
1.5,0,0
1.1,0,0
0.8,0,0
0.4,0,0
1,1,0
2.6,310,34
4.1,665,65
4.9,826,75
4.9,913,76
4.8,950,75
4.7,943,76
4.6,909,72
4.4,832,63
3.6,657,46
2.1,155,12
0.6,0,0
-0.1,0,0
0,0,0
0.2,0,0
-0.3,0,0
-1.4,0,0
-2.5,0,0
-3.1,0,0
-3.2,0,0
-3.3,0,0
-3.5,0,0
-3.7,0,0
-4,0,0
-3.1,2,0
-1.3,343,33
0.6,642,72
2.5,36,210
4.5,44,278
6.5,0,258
7.6,0,64
7.9,0,80
8.3,0,108
7.8,199,84
6.7,23,18
5.6,0,0
4.3,0,0
3,0,0
1.6,0,0
0.7,0,0
0.4,0,0
0,0,0
-0.2,0,0
-0.3,0,0
-0.4,0,0
-0.5,0,0
-0.5,0,0
-0.6,0,0
0.6,1,0
2.9,253,38
5.2,664,67
6.9,815,80
7.9,880,87
9,907,89
9.4,902,87
9.3,864,82
9.2,779,72
8.2,511,61
6.3,136,14
4.4,0,0
3.6,0,0
3.8,0,0
4,0,0
3.6,0,0
2.6,0,0
1.5,0,0
0.8,0,0
0.4,0,0
-0.1,0,0
-0.4,0,0
-0.5,0,0
-0.7,0,0
-0.1,0,0
1.1,0,21
2.4,0,54
3.6,0,62
4.9,0,100
6.1,0,121
6.7,0,143
6.6,0,143
6.5,0,117
6.1,0,58
5.4,0,7
4.7,0,0
4.6,0,0
5,0,0
5.5,0,0
5.3,0,0
4.6,0,0
3.9,0,0
3.4,0,0
3,0,0
2.7,0,0
2.3,0,0
2,0,0
1.6,0,0
2,0,0
3.2,59,49
4.4,0,146
5.5,7,177
6.6,761,118
7.7,877,96
8.3,868,97
8.4,830,92
8.5,744,80
7.8,561,57
6.1,135,15
4.4,0,0
3.6,0,0
3.6,0,0
3.6,0,0
3.2,0,0
2.3,0,0
1.5,0,0
0.9,0,0
0.6,0,0
0.3,0,0
0,0,0
-0.2,0,0
-0.4,0,0
0.3,1,0
1.8,300,35
3.3,624,72
4.7,767,90
5.9,832,100
7.1,854,106
7.8,837,109
7.9,785,106
8,690,92
7.2,510,64
5.6,121,16
4,0,0
3.4,0,0
3.7,0,0
4,0,0
3.5,0,0
2.4,0,0
1.2,0,0
0.4,0,0
0,0,0
-0.5,0,0
-0.4,0,0
0.1,0,0
0.6,0,0
1.2,1,0
2.1,157,44
3,14,136
4.3,82,242
6.1,11,300
7.9,0,173
8.8,7,214
8.8,61,217
8.7,25,73
8.6,317,81
8.3,30,17
8,0,0
7.7,0,0
7.4,0,0
7.1,0,0
7,0,0
7,0,0
7.1,0,0
6.9,0,0
6.6,0,0
6.2,0,0
5.7,0,0
4.9,0,0
4.2,0,0
4.4,0,0
5.5,192,40
6.7,556,82
7.4,716,103
7.9,788,115
8.3,805,124
8.4,795,125
8.1,748,119
7.9,393,132
7,0,62
5.7,0,14
4.3,0,0
3.8,0,0
4.2,0,0
4.6,0,0
4.3,0,0
3.2,0,0
2.1,0,0
1.1,0,0
0.4,0,0
-0.4,0,0
-1.1,0,0
-1.8,0,0
-2.5,0,0
-1.7,2,1
0.5,235,43
2.6,700,65
4.7,822,82
6.5,880,92
8.4,899,97
9.4,883,100
9.7,831,98
10,733,89
9.2,546,65
7.5,142,19
5.8,0,0
5.1,0,0
5.3,0,0
5.5,0,0
5.2,0,0
4.5,0,0
3.7,0,0
3,0,0
2.4,0,0
1.8,0,0
1.1,0,0
0.2,0,0
-0.7,0,0
-0.2,3,1
1.8,418,32
3.8,749,61
5.2,871,75
5.9,929,81
6.6,948,84
7,935,85
7.1,891,83
7.3,808,74
6.5,639,55
4.9,196,18
3.2,0,0
2.5,0,0
2.6,0,0
2.8,0,0
2.4,0,0
1.4,0,0
0.5,0,0
-0.3,0,0
-0.8,0,0
-1.3,0,0
-1.7,0,0
-2,0,0
-2.4,0,0
-1.3,2,1
1.2,355,35
3.7,681,68
5.6,812,84
6.8,873,92
8.1,889,99
8.8,855,108
9.2,778,114
9.5,678,100
9,506,70
7.9,140,21
6.8,0,0
6.1,0,0
5.8,0,0
5.6,0,0
4.3,0,0
2.1,0,0
-0.1,0,0
-1.3,0,0
-1.6,0,0
-1.8,0,0
-2,0,0
-2.1,0,0
-2.2,0,0
-1.2,1,1
1,32,50
3.1,369,111
5.3,627,121
7.4,733,127
9.5,648,174
10.8,656,167
11.2,529,178
11.7,418,149
11.1,323,89
9.6,102,23
8.1,0,0
7.2,0,0
6.9,0,0
6.6,0,0
6,0,0
4.9,0,0
3.8,0,0
2.9,0,0
2.1,0,0
1.4,0,0
0.7,0,0
0.1,0,0
-0.5,0,0
0.2,3,1
2,387,35
3.9,724,63
5.3,854,76
6.2,911,83
7.1,929,87
7.6,913,91
7.8,864,91
8,778,82
7.2,615,61
5.4,205,21
3.7,0,0
2.7,0,0
2.5,0,0
2.2,0,0
1.6,0,0
0.5,0,0
-0.6,0,0
-1.1,0,0
-1.1,0,0
-1.1,0,0
-1.3,0,0
-1.7,0,0
-2.1,0,0
-1.1,2,1
1.2,316,38
3.6,325,125
5.2,731,102
6.2,814,110
7.2,861,108
7.6,878,101
7.7,853,94
7.7,784,82
7,602,64
5.7,141,25
4.4,0,0
3.6,0,0
3.5,0,0
3.4,0,0
2.6,0,0
1.3,0,0
0,0,0
-0.9,0,0
-1.4,0,0
-1.9,0,0
-2.3,0,0
-2.6,0,0
-2.8,0,0
-1.9,0,1
0.1,57,60
2.2,617,80
4.3,750,102
6.3,807,117
8.3,824,126
9.6,802,131
10,748,127
10.5,649,112
9.9,474,80
8.4,134,26
6.9,0,0
6.2,0,0
6.2,0,0
6.2,0,0
6.1,0,0
5.8,0,0
5.6,0,0
4.9,0,0
3.8,0,0
2.8,0,0
1.9,0,0
1.2,0,0
0.5,0,0
1.1,3,1
3,291,39
4.8,702,68
5.9,821,87
6.4,877,98
6.8,898,105
6.9,893,104
6.8,853,101
6.6,770,89
5.7,610,67
4.1,210,25
2.5,0,0
1.8,0,0
2,0,0
2.2,0,0
1.9,0,0
1,0,0
0,0,0
-0.6,0,0
-1,0,0
-1.4,0,0
-1.7,0,0
-2,0,0
-2.3,0,0
-1.3,3,1
0.8,330,40
2.9,631,80
4.4,309,224
5.4,96,336
6.4,204,344
7.1,13,298
7.3,23,274
7.6,49,228
7.1,291,110
5.9,39,31
4.6,0,0
4,0,0
4.1,0,0
4.1,0,0
3.9,0,0
3.4,0,0
2.9,0,0
2.8,0,0
2.9,0,0
3,0,0
2.7,0,0
1.8,0,0
0.9,0,0
1.2,3,1
2.7,296,42
4.1,611,81
5,624,138
5.5,412,243
5.9,905,98
6,886,104
5.8,249,232
5.6,29,231
4.8,31,79
3.4,8,32
2,0,0
1.3,0,0
1.2,0,0
1.1,0,0
0.7,0,0
0.2,0,0
-0.3,0,0
-0.6,0,0
-0.6,0,0
-0.7,0,0
-0.7,0,0
-0.7,0,0
-0.8,0,0
-0.1,8,1
1.2,473,32
2.5,774,56
3.7,884,68
4.8,931,78
5.9,939,88
6.6,916,96
6.8,861,99
7.1,771,92
6.4,622,69
4.7,255,27
3.1,0,0
2.3,0,0
2.3,0,0
2.2,0,0
1.4,0,0
-0.3,0,0
-2,0,0
-2.9,0,0
-3.2,0,0
-3.4,0,0
-3.2,0,0
-2.5,0,0
-1.8,0,0
-0.6,0,1
1,0,34
2.6,0,109
4.6,0,194
6.8,0,236
9,58,331
10.2,485,250
10.2,598,179
10.3,578,134
9.7,489,85
8.7,187,30
7.6,0,0
7,0,0
6.8,0,0
6.7,0,0
6.4,0,0
5.9,0,0
5.4,0,0
4.6,0,0
3.5,0,0
2.4,0,0
1.6,0,0
1,0,0
0.4,0,0
0.9,5,2
2.6,357,43
4.3,666,79
5.5,796,98
6.2,857,110
7,872,119
7.3,855,124
7.3,809,121
7.2,722,109
6.4,571,80
4.9,222,32
3.4,0,0
2.7,0,0
3,0,0
3.2,0,0
2.7,0,0
1.6,0,0
0.5,0,0
-0.4,0,0
-1,0,0
-1.7,0,0
-2,0,0
-2.1,0,0
-2.1,0,0
-1.3,4,2
0.5,114,63
2.3,528,98
4.1,703,118
5.9,419,249
7.6,153,364
8.9,645,195
9.5,728,141
10.2,647,121
9.8,494,87
8.3,136,31
6.8,0,0
5.7,0,0
5,0,0
4.3,0,0
3.5,0,0
2.6,0,0
1.8,0,0
1.1,0,0
0.8,0,0
0.4,0,0
0.2,0,0
0.1,0,0
0,0,0
0.6,1,2
2,0,37
3.3,0,50
4.8,0,51
6.4,0,59
8,0,80
8.9,1,285
9,3,228
9.2,62,84
8.5,1,81
6.9,0,14
5.4,0,0
4.5,0,0
4.1,0,0
3.7,0,0
3.1,0,0
2.1,0,0
1.2,0,0
0.5,0,0
-0.1,0,0
-0.6,0,0
-1.3,0,0
-2.4,0,0
-3.5,0,0
-2.8,10,2
-0.5,414,43
1.8,682,80
3.4,793,104
4.1,854,116
4.9,885,118
5.3,894,112
5.4,866,105
5.5,795,92
4.7,653,71
3.2,289,32
1.7,0,0
1,0,0
1.1,0,0
1.1,0,0
0.4,0,0
-1.1,0,0
-2.5,0,0
-3.5,0,0
-4,0,0
-4.4,0,0
-4.5,0,0
-4.2,0,0
-3.9,0,0
-2.4,6,2
0.1,321,48
2.6,620,86
4.9,761,105
7,824,117
9.1,845,124
10.3,833,126
10.6,782,125
11,701,111
10.7,550,83
9.6,217,36
8.6,0,0
7.6,0,0
6.7,0,0
5.8,0,0
4.4,0,0
2.6,0,0
0.8,0,0
-0.2,0,0
-0.4,0,0
-0.7,0,0
-0.8,0,0
-0.8,0,0
-0.9,0,0
0.2,8,2
2.2,292,53
4.3,617,86
6.4,744,109
8.5,803,122
10.6,824,130
11.9,818,129
12.2,785,121
12.5,328,180
12.3,411,106
11.5,95,48
10.8,0,0
10.4,0,0
10.3,0,0
10.2,0,0
10.2,0,0
10.5,0,0
10.7,0,0
11.1,0,0
11.8,0,0
12.4,0,0
12.9,0,0
13.4,0,0
13.8,0,0
14.1,3,3
14.3,70,66
14.4,356,124
14.8,689,119
15.3,823,108
15.9,868,107
15.8,887,100
15.1,860,96
14.4,782,91
13,627,75
11,244,38
8.9,0,0
7.9,0,0
7.7,0,0
7.6,0,0
6.9,0,0
5.6,0,0
4.3,0,0
3.3,0,0
2.7,0,0
2,0,0
1.5,0,0
1.2,0,0
0.8,0,0
1.4,0,3
3.1,0,50
4.7,0,126
5.9,0,166
6.8,0,201
7.7,0,163
8.3,0,139
8.6,0,217
8.9,0,125
8.6,0,83
7.5,17,33
6.4,0,0
6,0,0
6.1,0,0
6.3,0,0
6.1,0,0
5.6,0,0
5.1,0,0
5,0,0
5.2,0,0
5.4,0,0
5.5,0,0
5.6,0,0
5.6,0,0
5.6,0,0
5.5,0,31
5.5,0,50
5.7,0,42
6.4,0,44
7,0,34
7.4,0,41
7.6,0,37
7.8,0,48
7.4,0,44
6.4,34,42
5.4,0,0
4.8,0,0
4.7,0,0
4.6,0,0
3.8,0,0
2.3,0,0
0.9,0,0
0,0,0
-0.2,0,0
-0.5,0,0
-0.8,0,0
-1.2,0,0
-1.6,0,0
-0.4,11,3
2.3,230,65
5.1,46,191
7.7,314,233
10.3,318,298
12.9,450,280
14.5,500,262
14.9,631,181
15.4,402,193
15.1,396,118
14.1,148,44
13.1,0,0
12.6,0,0
12.7,0,0
12.7,0,0
12.1,0,0
10.9,0,0
9.6,0,0
8.4,0,0
7.1,0,0
5.9,0,0
4.6,0,0
3.5,0,0
2.3,0,0
2.4,13,4
3.8,344,53
5.2,602,96
6.1,627,153
6.3,90,364
6.6,60,408
6.6,0,343
6.5,0,261
6.3,0,178
5.6,0,118
4.5,0,49
3.3,0,0
2.7,0,0
2.8,0,0
2.8,0,0
2.3,0,0
1.3,0,0
0.3,0,0
-0.3,0,0
-0.5,0,0
-0.8,0,0
-0.9,0,0
-1.1,0,0
-1.2,0,0
-1,0,2
-0.3,0,20
0.3,0,36
0.9,0,48
1.6,0,91
2.2,0,147
2.6,0,90
2.8,0,64
3,0,63
3,0,45
2.9,0,21
2.7,0,0
2.4,0,0
1.9,0,0
1.5,0,0
1.1,0,0
0.8,0,0
0.5,0,0
0.3,0,0
0.1,0,0
-0.1,0,0
-0.4,0,0
-0.8,0,0
-1.3,0,0
-0.8,24,5
0.6,429,51
1.9,687,85
3,797,107
3.9,840,124
4.8,707,193
5.3,850,134
5.5,825,125
5.6,752,112
5.1,527,102
4,23,59
2.9,0,0
2.4,0,0
2.5,0,0
2.7,0,0
2.3,0,0
1.4,0,0
0.5,0,0
0.1,0,0
0.2,0,0
0.3,0,0
0.3,0,0
0.3,0,0
0.2,0,0
0.4,0,2
0.8,0,41
1.2,0,106
2,0,95
3.1,0,145
4.2,0,202
4.9,0,188
5.2,0,130
5.5,0,141
5.4,0,124
5.1,1,45
4.7,1,1
4.3,0,0
4,0,0
3.7,0,0
2.7,0,0
1.2,0,0
-0.4,0,0
-1,0,0
-0.5,0,0
-0.1,0,0
0.1,0,0
0,0,0
-0.1,0,0
0.9,44,5
2.9,534,45
4.9,757,72
6.3,850,90
7,892,102
7.8,638,222
8.3,44,310
8.6,0,225
9,0,175
8.5,0,121
7.2,0,52
5.8,0,1
5,0,0
4.6,0,0
4.1,0,0
3.3,0,0
2,0,0
0.8,0,0
0,0,0
-0.4,0,0
-0.7,0,0
-0.8,0,0
-0.8,0,0
-0.7,0,0
0.1,0,2
1.6,0,35
3.1,0,98
4.4,0,190
5.6,0,119
6.8,0,153
7.6,0,258
7.9,0,302
8.3,365,225
7.9,250,155
6.7,2,63
5.6,2,2
4.9,0,0
4.6,0,0
4.3,0,0
3.7,0,0
2.9,0,0
2.1,0,0
1.4,0,0
0.7,0,0
0,0,0
-0.5,0,0
-1,0,0
-1.5,0,0
-0.8,0,5
1,157,80
2.8,433,149
4,386,240
4.7,280,336
5.3,394,326
5.7,385,327
5.8,461,265
5.9,248,264
5.4,577,103
4.2,263,53
3,0,2
2.3,0,0
2.1,0,0
1.8,0,0
1.3,0,0
0.4,0,0
-0.5,0,0
-1.1,0,0
-1.5,0,0
-2,0,0
-2.3,0,0
-2.5,0,0
-2.7,0,0
-2,8,8
-0.4,69,85
1.1,2,141
2.4,0,176
3.5,0,92
4.6,0,122
5.3,0,137
5.7,0,152
6,0,187
5.9,0,90
5.2,2,50
4.5,4,3
4.2,0,0
4.3,0,0
4.4,0,0
3.7,0,0
2.4,0,0
1.1,0,0
0.3,0,0
0.2,0,0
0.1,0,0
0.1,0,0
0.2,0,0
0.3,0,0
1.1,0,2
2.7,129,78
4.2,481,127
5.9,513,197
7.8,164,347
9.6,237,338
10.7,814,142
10.9,789,134
11.2,416,204
10.4,0,167
8.7,2,47
7.1,4,3
6.2,0,0
6.2,0,0
6.1,0,0
5.5,0,0
4.1,0,0
2.8,0,0
1.8,0,0
1.1,0,0
0.3,0,0
-0.3,0,0
-0.8,0,0
-1.3,0,0
-0.4,17,9
1.9,213,86
4.2,301,174
5.8,4,238
6.7,3,386
7.7,282,369
8.2,696,210
8.4,828,133
8.6,764,118
7.9,647,92
6.3,400,50
4.7,16,4
3.8,0,0
3.6,0,0
3.3,0,0
2.6,0,0
1.3,0,0
0.1,0,0
-0.8,0,0
-1.4,0,0
-1.9,0,0
-2.4,0,0
-2.8,0,0
-3.1,0,0
-1.7,72,8
1.4,548,53
4.6,756,82
6.8,835,106
8.3,870,123
9.8,882,132
10.7,869,136
11.1,829,133
11.6,755,121
10.9,625,97
9.2,362,54
7.5,14,4
6.9,0,0
7.2,0,0
7.5,0,0
7.1,0,0
6.1,0,0
5.1,0,0
4.5,0,0
4.1,0,0
3.8,0,0
3.7,0,0
4,0,0
4.3,0,0
5,0,6
6.2,0,43
7.4,0,115
8.8,0,158
10.4,0,187
12,0,214
12.5,0,168
12,0,112
11.5,0,135
11.1,0,45
10.8,0,31
10.4,0,2
10.3,0,0
10.2,0,0
10.1,0,0
10.3,0,0
10.6,0,0
10.9,0,0
10.8,0,0
10.2,0,0
9.6,0,0
8.7,0,0
7.6,0,0
6.5,0,0
6.7,62,10
8.2,454,61
9.7,629,102
11.5,775,111
13.5,812,127
15.5,799,147
16.3,560,247
16,351,298
15.6,156,282
14.7,0,117
13.4,0,41
12,0,3
11.3,0,0
11.4,0,0
11.4,0,0
11,0,0
10.1,0,0
9.1,0,0
8.3,0,0
7.4,0,0
6.6,0,0
5.7,0,0
4.9,0,0
4,0,0
4.5,57,11
6.4,186,86
8.2,634,110
9.5,837,102
10.3,887,111
11.1,887,123
11.6,880,125
11.8,837,125
12,758,118
11.4,71,127
9.9,0,53
8.4,1,5
7.6,0,0
7.5,0,0
7.4,0,0
6.9,0,0
5.8,0,0
4.7,0,0
3.9,0,0
3.4,0,0
2.9,0,0
2.4,0,0
1.9,0,0
1.5,0,0
2.2,0,13
4.2,151,103
6.2,480,145
7.9,567,184
9.4,746,168
10.8,676,218
11.7,525,279
12,735,165
12.3,648,150
12,289,169
11,57,73
9.9,0,5
9.5,0,0
9.6,0,0
9.7,0,0
9.2,0,0
8.1,0,0
7,0,0
6.2,0,0
5.7,0,0
5.2,0,0
4.7,0,0
4.3,0,0
3.9,0,0
4.5,0,8
5.9,0,59
7.4,47,196
8.5,718,143
9.2,795,151
9.9,830,155
10.3,843,148
10.3,817,140
10.2,704,142
9.5,624,103
8.1,367,60
6.8,0,6
6,0,0
5.9,0,0
5.7,0,0
4.9,0,0
3.5,0,0
2.1,0,0
1.1,0,0
0.5,0,0
-0.2,0,0
-0.8,0,0
-1.3,0,0
-1.9,0,0
-0.8,0,16
2,386,78
4.7,672,111
6.9,776,135
8.5,822,151
10,617,259
11,425,340
11.4,580,242
11.8,655,160
11.4,503,128
10.3,172,74
9.2,5,7
8.8,0,0
9.2,0,0
9.6,0,0
9.5,0,0
8.8,0,0
8.1,0,0
7.7,0,0
7.8,0,0
7.8,0,0
7.8,0,0
7.8,0,0
7.8,0,0
8.3,5,14
9.2,0,86
10,0,175
10.9,0,249
11.9,50,383
12.8,15,426
13.5,165,364
14.1,325,316
14.6,778,107
14.3,613,99
13.1,393,60
12,17,8
11.3,0,0
11.1,0,0
10.9,0,0
10.2,0,0
9.1,0,0
7.9,0,0
7,0,0
6.5,0,0
5.9,0,0
5.5,0,0
5.1,0,0
4.8,0,0
5.4,0,7
7,0,66
8.6,0,108
9.5,0,89
9.8,0,31
10.1,0,105
10.2,0,223
10.2,27,357
10.1,433,226
9.7,366,151
8.8,145,78
8,0,5
7.6,0,0
7.7,0,0
7.8,0,0
7.2,0,0
6,0,0
4.7,0,0
3.9,0,0
3.5,0,0
3,0,0
2.6,0,0
2.1,0,0
1.6,0,0
2.3,33,18
4,324,90
5.8,2,227
7,0,274
7.9,0,340
8.7,0,313
9.2,0,247
9.5,0,195
9.7,0,218
9.5,0,182
9,0,56
8.4,0,6
8.2,0,0
8.2,0,0
8.3,0,0
8,0,0
7.3,0,0
6.6,0,0
6.2,0,0
6.3,0,0
6.3,0,0
6.4,0,0
6.5,0,0
6.6,0,0
6.7,0,6
6.7,0,40
6.8,0,55
6.9,0,82
7.2,0,78
7.4,0,72
7.5,0,47
7.5,0,29
7.5,0,48
7.4,0,39
7.3,0,25
7.1,0,3
7.2,0,0
7.6,0,0
7.9,0,0
8,0,0
7.7,0,0
7.4,0,0
7.1,0,0
6.8,0,0
6.5,0,0
6.2,0,0
5.9,0,0
5.5,0,0
5.9,0,10
6.8,0,57
7.7,0,142
8.5,0,160
9.2,0,340
9.9,27,476
10.6,95,453
11.1,28,389
11.6,45,301
11.4,431,148
10.5,190,80
9.6,0,7
8.8,0,0
8.2,0,0
7.7,0,0
6.9,0,0
5.9,0,0
4.9,0,0
4.3,0,0
4.2,0,0
4,0,0
3.7,0,0
3.3,0,0
2.8,0,0
3.6,84,21
5.6,412,87
7.6,622,133
9.1,736,159
10,797,173
10.9,794,193
11.5,812,181
11.7,773,175
11.9,703,157
11.2,583,124
9.6,301,78
8,6,7
7.3,0,0
7.6,0,0
7.8,0,0
7.5,0,0
6.7,0,0
5.9,0,0
5.4,0,0
5.2,0,0
5.1,0,0
5,0,0
5,0,0
5,0,0
5.2,0,8
5.5,0,43
5.9,0,92
6.5,0,107
7.3,0,87
8.2,0,156
8.7,0,86
9,0,120
9.3,0,85
9.1,0,89
8.6,0,36
8.1,0,2
7.8,0,0
7.8,0,0
7.8,0,0
7.5,0,0
7,0,0
6.5,0,0
6.4,0,0
6.6,0,0
6.9,0,0
7.2,0,0
7.3,0,0
7.5,0,0
7.9,0,8
8.4,0,34
9,0,58
9.1,0,80
9,0,92
8.8,0,79
8.6,0,95
8.3,0,119
8.1,0,69
7.6,0,97
6.8,0,59
6,0,9
5.7,0,0
6,0,0
6.3,0,0
6.3,0,0
6,0,0
5.7,0,0
5.5,0,0
5.4,0,0
5.3,0,0
5.2,0,0
5.2,0,0
5.1,0,0
5.9,0,27
7.3,366,95
8.8,614,134
9.9,723,160
10.7,779,174
11.5,675,242
12,789,185
12.3,670,215
12.5,494,227
11.8,548,132
10.3,316,79
8.8,25,13
8.1,0,0
8.2,0,0
8.3,0,0
7.9,0,0
7.1,0,0
6.2,0,0
5.8,0,0
5.7,0,0
5.7,0,0
5.9,0,0
6.4,0,0
6.9,0,0
7.7,0,11
8.6,0,69
9.6,0,115
10.7,0,137
12,0,282
13.3,0,323
13.9,0,355
13.8,0,333
13.7,0,251
13.3,0,163
12.7,0,78
12,0,10
11.7,0,0
11.8,0,0
11.9,0,0
11.5,0,0
10.6,0,0
9.6,0,0
9.1,0,0
9.1,0,0
9,0,0
8.9,0,0
8.8,0,0
8.8,0,0
8.7,0,8
8.8,0,52
8.8,0,111
8.8,0,102
8.8,0,269
8.8,0,186
8.8,0,224
8.7,0,203
8.6,0,84
8.2,0,55
7.6,0,30
6.9,0,6
6.7,0,0
6.9,0,0
7,0,0
6.6,0,0
5.6,0,0
4.6,0,0
3.7,0,0
2.9,0,0
2.2,0,0
1.6,0,0
1.2,0,0
0.7,0,0
1.7,270,22
3.9,693,60
6.1,843,79
7.6,919,90
8.4,952,99
9.1,818,176
9.6,856,156
9.9,884,126
10.2,813,122
9.7,702,103
8.5,497,67
7.2,91,14
6.5,0,0
6.4,0,0
6.2,0,0
5.2,0,0
3.4,0,0
1.6,0,0
0.3,0,0
-0.6,0,0
-1.6,0,0
-2.2,0,0
-2.6,0,0
-3,0,0
-1.4,169,29
2.1,531,86
5.6,707,120
8.4,801,139
10.6,856,146
12.8,828,173
14,883,142
14.3,858,135
14.6,804,122
14.1,701,101
12.8,443,72
11.6,49,17
11.1,0,0
11.3,0,0
11.4,0,0
11.1,0,0
10.2,0,0
9.3,0,0
8.6,0,0
8,0,0
7.4,0,0
7,0,0
6.7,0,0
6.5,0,0
7.2,37,38
9,508,85
10.8,662,129
12.4,436,270
13.7,304,372
15.1,0,486
15.6,0,425
15.2,0,326
14.9,0,211
14.3,0,130
13.2,0,51
12.2,0,7
11.7,0,0
12,0,0
12.2,0,0
11.9,0,0
11,0,0
10.2,0,0
9.7,0,0
9.5,0,0
9.2,0,0
9.2,0,0
9.3,0,0
9.4,0,0
9.5,0,19
9.7,0,74
9.8,0,159
10.4,374,152
11.5,409,285
12.6,78,275
13.4,0,224
13.9,51,392
14.5,738,138
14.2,761,81
13.2,580,57
12.1,125,14
11.5,0,0
11.4,0,0
11.2,0,0
10.3,0,0
8.8,0,0
7.3,0,0
6,0,0
5,0,0
4,0,0
3.1,0,0
2.4,0,0
1.6,0,0
2.9,14,41
6.1,4,171
9.4,204,266
11.6,707,183
12.7,475,329
13.9,695,249
14.6,778,202
14.9,740,194
15.1,652,182
14.6,341,202
13.2,354,86
11.9,56,17
11.1,0,0
10.9,0,0
10.6,0,0
9.8,0,0
8.5,0,0
7.1,0,0
6.2,0,0
5.7,0,0
5.2,0,0
4.6,0,0
4,0,0
3.4,0,0
4.6,230,33
7.5,536,92
10.5,630,147
12.3,698,185
13.1,771,191
13.9,747,220
14.1,390,319
13.8,144,387
13.4,52,287
12.3,97,178
10.6,13,118
9,75,19
8,0,0
7.7,0,0
7.4,0,0
6.6,0,0
5.3,0,0
4,0,0
3.1,0,0
2.5,0,0
1.9,0,0
1.6,0,0
1.5,0,0
1.4,0,0
2.5,213,36
5,551,92
7.4,714,127
8.9,800,148
9.5,846,160
10,810,194
10.4,791,199
10.6,214,421
10.8,391,285
10.2,329,181
8.9,309,103
7.7,68,18
6.9,0,0
6.6,0,0
6.3,0,0
5.5,0,0
4.1,0,0
2.7,0,0
1.7,0,0
1.1,0,0
0.5,0,0
-0.1,0,0
-0.6,0,0
-1.1,0,0
0.2,274,35
3.4,615,84
6.5,758,117
8.6,815,146
9.8,841,166
11,839,181
11.8,800,197
12,742,200
12.3,649,189
11.9,506,157
10.6,107,106
9.4,2,17
8.9,0,0
9.2,0,0
9.5,0,0
9,0,0
7.9,0,0
6.7,0,0
5.7,0,0
4.9,0,0
4,0,0
3.3,0,0
2.8,0,0
2.2,0,0
3.3,0,32
5.9,0,101
8.5,5,165
10,283,348
10.3,122,426
10.6,4,412
10.6,23,392
10.1,0,378
9.6,104,358
8.8,124,176
7.5,3,102
6.3,0,14
5.8,0,0
5.9,0,0
6,0,0
5.4,0,0
4.3,0,0
3.2,0,0
2.1,0,0
1.1,0,0
0.1,0,0
-0.8,0,0
-1.7,0,0
-2.5,0,0
-1.2,129,49
2.2,371,126
5.6,559,176
8,628,220
9.2,649,256
10.5,597,303
11.1,608,291
11.1,291,372
11.2,55,382
10.7,9,225
9.6,39,124
8.6,9,20
8.1,0,0
7.9,0,0
7.8,0,0
7.1,0,0
6,0,0
4.8,0,0
3.8,0,0
3,0,0
2.1,0,0
1.3,0,0
0.5,0,0
-0.4,1,1
0.7,333,39
3.6,687,79
6.5,834,101
8.5,904,114
9.7,931,125
10.8,931,135
11.6,912,141
12.1,864,145
12.5,785,142
12,664,122
10.7,262,113
9.4,52,24
9,0,0
9.3,0,0
9.6,0,0
9.4,0,0
8.5,0,0
7.7,0,0
7.2,0,0
6.9,0,0
6.6,0,0
6.3,0,0
6.1,0,0
5.9,0,1
6.9,39,61
8.9,409,131
10.9,591,171
12.6,362,318
14,508,313
15.4,515,333
16,562,303
16,287,392
15.9,449,261
15.1,543,147
13.6,98,112
12.2,0,17
11.6,0,0
12,0,0
12.4,0,0
11.9,0,0
10.4,0,0
9,0,0
8.1,0,0
7.5,0,0
7,0,0
6.5,0,0
6,0,0
5.6,1,1
6.8,217,49
9.6,545,105
12.4,705,139
14.4,800,155
15.7,845,165
16.9,861,169
17.6,858,166
17.7,826,162
17.8,760,151
16.9,638,130
15.1,325,105
13.2,62,25
12.4,0,0
12.6,0,0
12.7,0,0
12.4,0,0
11.7,0,0
11.1,0,0
10.8,0,0
10.9,0,0
11,0,0
11,0,0
11.1,0,0
11.1,0,1
11.6,0,26
12.6,0,59
13.5,0,154
14.8,0,149
16.3,0,188
17.9,210,353
18.8,627,260
19.1,764,167
19.4,743,138
19.1,660,112
18.1,465,79
17.2,107,23
16.7,0,0
16.8,0,0
16.9,0,0
16.8,0,0
16.4,0,0
16.1,0,0
15.7,0,0
15.3,0,0
14.8,0,0
14.5,0,0
14.2,0,0
13.9,0,1
14.4,81,54
15.7,347,128
17,370,230
17.9,374,301
18.4,363,373
18.9,615,283
18.8,583,294
18.1,359,325
17.4,9,319
16.2,0,79
14.5,0,35
12.7,1,21
11.7,0,0
11.4,0,0
11.1,0,0
10.2,0,0
8.7,0,0
7.2,0,0
6,0,0
5.2,0,0
4.3,0,0
3.8,0,0
3.4,0,0
3.1,0,1
3.4,0,26
4.5,0,73
5.6,0,61
6.3,0,59
6.7,0,138
7.1,0,115
7.4,0,106
7.6,0,207
7.8,0,158
7.6,0,90
7.1,0,59
6.6,0,16
6.1,0,0
5.5,0,0
5,0,0
4.2,0,0
3.1,0,0
2.1,0,0
1.1,0,0
0,0,0
-1.1,0,0
-1.8,0,0
-2.3,0,0
-2.8,10,2
-1.1,406,46
2.7,694,84
6.5,808,112
8.8,841,144
9.6,870,160
10.3,890,162
10.9,888,159
11.4,837,164
11.9,490,267
11.5,512,175
10.3,32,160
9.2,45,32
8.2,0,0
7.4,0,0
6.6,0,0
5.5,0,0
4,0,0
2.6,0,0
1.5,0,0
0.9,0,0
0.3,0,0
-0.2,0,0
-0.7,0,0
-1.2,8,3
0.3,17,77
3.7,14,216
7.1,358,242
9.5,784,164
10.9,752,215
12.2,710,254
13.2,610,301
13.7,459,340
14.2,255,351
14,77,284
12.9,0,99
11.8,10,25
11.4,0,0
11.6,0,0
11.7,0,0
11.1,0,0
9.8,0,0
8.4,0,0
7.4,0,0
6.8,0,0
6.1,0,0
5.6,0,0
5.1,0,0
4.7,1,2
5.5,0,33
7.4,0,69
9.4,0,101
10.6,0,199
11.3,0,174
12,0,174
12.4,1,368
12.5,188,398
12.5,692,172
12.3,580,145
11.7,392,98
11.2,82,29
10.8,0,0
10.5,0,0
10.3,0,0
9.7,0,0
8.8,0,0
7.9,0,0
7.1,0,0
6.4,0,0
5.7,0,0
4.9,0,0
4,0,0
3.2,15,4
4.5,390,54
7.9,615,107
11.3,676,163
13.7,717,205
15.1,715,243
16.6,662,288
17.5,647,287
17.8,569,289
18.2,353,302
17.8,294,224
16.5,229,121
15.3,47,31
14.7,0,0
14.8,0,0
14.8,0,0
14.5,0,0
13.8,0,0
13.1,0,0
12.9,0,0
13,0,0
13,0,0
13.1,0,0
13.1,0,0
13,0,2
13.2,0,62
13.7,1,196
14.1,1,204
14.4,0,246
14.5,72,365
14.6,144,373
14.3,0,233
13.8,0,267
13.2,0,278
12.3,0,170
11.1,0,70
10,0,24
9.4,0,0
9.5,0,0
9.5,0,0
8.8,0,0
7.6,0,0
6.3,0,0
5.3,0,0
4.8,0,0
4.2,0,0
3.7,0,0
3.4,0,0
3,0,2
3.5,0,38
5,0,90
6.5,0,144
7.7,0,191
8.8,0,206
9.9,0,180
10.6,0,195
11.1,0,165
11.6,0,191
11.5,0,188
10.8,0,70
10.1,0,15
9.5,0,0
8.9,0,0
8.3,0,0
7.6,0,0
6.9,0,0
6.1,0,0
5.5,0,0
5.1,0,0
4.6,0,0
4.4,0,0
4.5,0,0
4.5,0,2
5.2,0,33
6.6,0,67
8,0,125
9.3,0,175
10.7,0,136
12.1,0,127
13.1,0,255
13.9,0,373
14.6,0,281
14.6,0,143
14,0,83
13.5,0,21
12.6,0,0
11.4,0,0
10.3,0,0
9.2,0,0
8.2,0,0
7.1,0,0
6.6,0,0
6.5,0,0
6.5,0,0
6.6,0,0
6.9,0,0
7.2,0,4
7.8,0,37
8.9,0,89
9.9,0,146
10.8,6,324
11.6,0,450
12.4,27,496
13,29,391
13.2,208,414
13.5,614,215
13,388,180
11.8,62,109
10.6,25,30
9.8,0,0
9.5,0,0
9.2,0,0
8.5,0,0
7.5,0,0
6.5,0,0
5.6,0,0
4.9,0,0
4.1,0,0
3.3,0,0
2.6,0,0
1.9,26,8
3.2,383,65
6.2,482,142
9.3,716,152
11.1,804,165
11.6,819,187
12.2,571,335
12.2,214,388
11.5,0,237
10.9,0,169
9.9,0,150
8.6,0,119
7.3,0,30
6.5,0,0
6.2,0,0
5.9,0,0
5.4,0,0
4.7,0,0
4.1,0,0
3.5,0,0
2.9,0,0
2.4,0,0
1.8,0,0
1.3,0,0
0.7,44,8
1.7,450,60
4.2,689,100
6.8,802,126
8.5,847,151
9.5,861,171
10.5,791,222
10.9,126,452
10.8,12,345
10.7,0,340
9.9,1,262
8.6,62,81
7.3,89,37
6.4,0,0
5.9,0,0
5.4,0,0
4.6,0,0
3.5,0,0
2.4,0,0
1.7,0,0
1.3,0,0
0.9,0,0
0.7,0,0
0.6,0,0
0.6,46,8
1.8,434,63
4.3,667,104
6.9,786,128
8.4,849,143
9,883,152
9.7,892,158
10.1,850,180
10.5,797,188
10.8,734,176
10.4,659,140
9.3,506,95
8.2,189,34
7.4,0,0
6.9,0,0
6.5,0,0
5.3,0,0
3.4,0,0
1.6,0,0
0.3,0,0
-0.4,0,0
-1.1,0,0
-1.6,0,0
-1.8,0,0
-2.1,14,10
-0.1,368,71
4,644,111
8.1,768,137
10.8,842,148
12,870,159
13.2,881,163
14.1,886,153
14.7,858,148
15.2,808,137
14.8,725,115
13.3,566,83
11.8,218,33
10.9,0,0
10.6,0,0
10.2,0,0
9.5,0,0
8.4,0,0
7.4,0,0
6.5,0,0
5.9,0,0
5.2,0,0
4.8,0,0
4.6,0,0
4.4,52,10
6.1,347,79
9.6,249,212
13.2,440,247
15.6,763,185
17,551,329
18.3,496,372
19,729,240
19,842,156
19.1,795,142
18.5,705,121
17.4,320,116
16.3,37,42
15.9,0,0
16.2,0,0
16.6,0,0
16,0,0
14.7,0,0
13.4,0,0
12.2,0,0
11.3,0,0
10.4,0,0
9.3,0,0
8.2,0,0
7,5,11
8.1,148,91
11.4,542,132
14.7,671,166
16.6,745,186
17.3,790,193
18,818,189
18.5,829,176
18.9,796,171
19.3,728,163
18.9,587,152
17.7,325,118
16.5,13,46
15.5,0,0
14.8,0,0
14.1,0,0
12.9,0,0
11.4,0,0
9.8,0,0
8.7,0,0
8.2,0,0
7.6,0,0
7,0,0
6.4,0,0
5.8,0,11
7.1,0,87
10.2,5,215
13.3,148,343
15.6,403,340
17,395,405
18.5,241,509
19.5,505,360
20.2,497,322
20.9,377,300
20.4,230,239
18.9,72,144
17.4,0,38
16.4,0,0
15.7,0,0
15,0,0
14,0,0
12.7,0,0
11.3,0,0
10.5,0,0
10.3,0,0
10,0,0
9.6,0,0
9,0,0
8.4,0,4
8.2,0,28
8.4,0,48
8.6,0,87
9,0,127
9.5,0,235
9.9,0,295
10.6,68,504
11.4,398,346
12.3,0,216
12.2,0,61
11.2,0,21
10.3,0,10
9.6,0,0
9.2,0,0
8.9,0,0
8.1,0,0
7,0,0
5.9,0,0
5.1,0,0
4.4,0,0
3.8,0,0
3.4,0,0
3.2,0,0
3.1,57,15
4.3,499,65
6.9,716,96
9.5,818,117
11.2,829,156
12.1,839,179
12.9,857,180
13.4,862,172
13.7,829,170
14,789,151
13.4,731,119
12.1,601,83
10.8,263,36
10.1,0,0
10,0,0
9.9,0,0
9.3,0,0
8.1,0,0
6.9,0,0
6.3,0,0
6.1,0,0
6,0,0
5.8,0,0
5.5,0,0
5.2,0,4
5,0,23
5.1,0,26
5.2,0,48
5.3,0,69
5.5,0,63
5.6,0,36
5.7,0,110
5.6,0,42
5.5,0,63
5.6,0,94
5.9,0,64
6.1,0,20
6.2,0,0
6.1,0,0
6,0,0
5.6,0,0
4.9,0,0
4.2,0,0
3.8,0,0
3.8,0,0
3.7,0,0
3.6,0,0
3.6,0,0
3.6,53,17
4.9,455,71
7.3,685,101
9.8,799,118
11.4,853,133
12,875,145
12.7,874,156
13,853,165
13.1,810,169
13.1,404,300
12.5,2,274
11.2,0,145
9.9,7,47
9.2,0,0
9,0,0
8.8,0,0
8.2,0,0
7.1,0,0
6,0,0
5.2,0,0
4.7,0,0
4.2,0,0
3.8,0,0
3.7,0,0
3.5,0,12
4.3,0,117
6.1,16,231
7.9,0,207
9,4,461
9.4,7,420
9.8,0,231
10,0,378
10,104,423
10,38,381
9.7,0,201
9.2,0,101
8.6,0,39
8.2,0,0
8,0,0
7.7,0,0
7.2,0,0
6.2,0,0
5.3,0,0
4.6,0,0
4.3,0,0
3.9,0,0
3.6,0,0
3.4,0,0
3.2,127,17
4.6,541,67
7.6,741,95
10.6,840,112
12.4,891,123
13.1,914,132
13.9,918,137
14.3,909,138
14.5,877,138
14.7,823,131
14.2,736,115
12.9,571,89
11.6,160,46
11,0,0
10.9,0,0
10.8,0,0
10.5,0,0
9.8,0,0
9.1,0,0
8.7,0,0
8.5,0,0
8.2,0,0
8,0,0
7.8,0,0
7.5,0,20
8.7,206,107
11.3,356,198
13.9,296,315
15.6,151,458
16.4,38,527
17.3,0,373
17.5,0,366
17.2,0,342
16.9,0,340
16.2,0,151
15,0,60
13.9,0,23
13.5,0,0
13.6,0,0
13.7,0,0
13.6,0,0
13.2,0,0
12.8,0,0
12.7,0,0
12.7,0,0
12.8,0,0
12.8,0,0
12.8,0,0
12.8,0,10
13.4,0,60
14.5,10,238
15.6,620,181
16.6,823,145
17.6,864,147
18.5,878,150
19,431,330
19,831,154
18.9,831,121
18.1,610,155
16.5,646,75
14.9,339,37
13.9,2,1
13.4,0,0
12.9,0,0
12,0,0
10.6,0,0
9.2,0,0
8.1,0,0
7.5,0,0
6.8,0,0
6.2,0,0
5.8,0,0
5.4,157,20
6.7,564,69
9.8,748,96
12.8,844,112
15,896,121
16.4,919,128
17.8,925,132
18.7,916,132
19,884,131
19.2,826,128
18.7,727,118
17.2,561,92
15.7,213,45
14.9,1,1
14.6,0,0
14.3,0,0
13.5,0,0
12.3,0,0
11.1,0,0
10.3,0,0
9.8,0,0
9.4,0,0
9,0,0
8.9,0,0
8.7,0,21
9.7,33,112
11.9,28,261
14.1,0,386
15.9,64,495
17.2,33,547
18.5,0,517
19,0,472
18.7,0,353
18.4,0,278
17.6,0,183
16.5,0,107
15.4,0,39
14.8,0,1
14.7,0,0
14.5,0,0
14,0,0
13,0,0
12.1,0,0
11.3,0,0
10.6,0,0
9.9,0,0
9.4,0,0
9.1,0,0
8.8,0,21
10,138,133
12.8,190,245
15.5,714,153
17.4,617,243
18.5,720,224
19.6,698,249
20.2,844,159
20.4,807,160
20.6,750,152
20,543,173
18.6,79,177
17.2,0,46
16.4,0,1
16.1,0,0
15.8,0,0
15.2,0,0
14.3,0,0
13.4,0,0
12.8,0,0
12.5,0,0
12.2,0,0
12.1,0,0
12.4,0,0
12.6,0,24
13.8,75,120
15.8,356,190
17.9,460,252
19.4,551,281
20.4,582,306
21.4,573,328
21.9,377,429
21.8,321,413
21.7,178,382
21,134,271
19.7,0,132
18.5,0,27
17.7,0,0
17.3,0,0
17,0,0
16,0,0
14.4,0,0
12.9,0,0
11.6,0,0
10.5,0,0
9.5,0,0
8.8,0,0
8.3,0,0
7.9,105,28
8.6,486,80
10.6,684,110
12.5,766,137
14,825,148
15.1,841,163
16.1,839,175
16.8,824,178
17.3,755,194
17.7,751,157
17.4,461,204
16.5,471,109
15.6,157,51
14.9,1,1
14.4,0,0
13.9,0,0
13.4,0,0
12.7,0,0
12.1,0,0
11.7,0,0
11.5,0,0
11.2,0,0
11.1,0,0
11,0,0
10.9,13,32
11.8,185,130
13.7,522,156
15.6,564,219
17.2,355,384
18.6,54,558
19.9,122,557
20.8,437,400
21.2,479,335
21.7,130,390
21.4,32,303
20.4,69,169
19.4,16,53
18.6,0,1
17.9,0,0
17.3,0,0
16.4,0,0
15.4,0,0
14.3,0,0
13.6,0,0
13.4,0,0
13.1,0,0
13,0,0
13,0,0
13,0,23
14.1,6,135
16.2,37,271
18.3,7,341
20,287,407
21.3,245,491
22.6,303,484
23.2,467,381
23,518,313
22.8,366,304
22.1,60,210
20.9,71,162
19.7,0,51
18.8,0,1
18,0,0
17.3,0,0
16.5,0,0
15.7,0,0
14.8,0,0
14.3,0,0
14,0,0
13.7,0,0
13.6,0,0
13.4,0,0
13.3,1,22
14.1,0,108
15.7,0,189
17.3,0,306
18.5,158,456
19.5,474,377
20.5,546,353
21,714,244
21.1,688,232
21.1,505,268
20.5,561,169
19.4,348,131
18.3,1,61
17.6,0,1
17.4,0,0
17.2,0,0
16.8,0,0
16.1,0,0
15.4,0,0
15.1,0,0
15,0,0
15,0,0
15,0,0
15.2,0,0
15.3,0,14
15.9,0,86
17,0,118
18.1,0,200
18.8,0,138
19.3,0,136
19.8,0,232
19.8,0,174
19.5,0,291
19.2,0,240
18.7,0,108
18,0,42
17.3,0,26
17.2,0,1
17.6,0,0
18,0,0
18,0,0
17.6,0,0
17.2,0,0
17,0,0
16.9,0,0
16.9,0,0
16.9,0,0
16.9,0,0
16.9,0,13
17.4,0,89
18.4,4,247
19.3,251,321
20.5,182,438
21.8,0,257
23.1,0,162
23.7,0,259
23.8,0,291
23.9,0,398
23.5,11,301
22.5,234,148
21.4,5,59
20.8,0,2
20.7,0,0
20.5,0,0
19.9,0,0
18.9,0,0
18,0,0
17.3,0,0
16.8,0,0
16.3,0,0
16,0,0
15.8,0,0
15.5,0,14
15,0,28
14.1,0,54
13.2,0,43
12.7,0,43
12.6,0,142
12.4,0,114
12.7,0,99
13.4,0,158
14.2,0,139
14.3,0,81
13.9,0,55
13.5,0,23
13,0,2
12.3,0,0
11.5,0,0
10.9,0,0
10.4,0,0
9.9,0,0
9.6,0,0
9.5,0,0
9.4,0,0
9.3,0,0
9.3,0,0
9.3,0,16
9.5,0,107
10,0,184
10.6,0,212
11.2,0,184
12.1,0,318
12.9,0,405
13,0,283
12.5,0,136
12,0,115
11.2,0,195
10.3,0,122
9.4,0,52
8.9,0,2
8.9,0,0
8.9,0,0
8.3,0,0
7.1,0,0
6,0,0
5.1,0,0
4.5,0,0
3.9,0,0
3.7,0,0
3.7,0,0
3.8,210,36
5.3,572,82
8.2,752,103
11.1,844,115
13.1,873,134
14.2,879,151
15.3,881,156
15.9,882,149
16,838,155
16.2,446,290
15.8,0,280
14.8,0,160
13.8,3,42
13.2,5,3
12.9,0,0
12.6,0,0
11.9,0,0
10.9,0,0
9.8,0,0
9.1,0,0
8.6,0,0
8.1,0,0
8.1,0,0
8.5,0,0
8.8,0,34
10.1,0,143
12.2,344,217
14.3,199,334
15.6,0,436
16.2,132,516
16.8,61,532
17,0,331
16.7,27,456
16.5,0,339
16,0,193
15.4,0,90
14.7,0,28
14.4,0,2
14.6,0,0
14.8,0,0
14.6,0,0
14,0,0
13.4,0,0
12.9,0,0
12.4,0,0
11.9,0,0
11.7,0,0
11.8,0,0
12,0,19
12.4,0,49
13,0,97
13.7,0,155
14.1,11,309
14.3,0,265
14.4,0,296
14.5,0,265
14.4,0,166
14.3,0,231
14.2,0,145
14.1,0,71
14,0,23
14.2,0,1
14.5,0,0
14.9,0,0
14.9,0,0
14.5,0,0
14.1,0,0
14,0,0
14,0,0
14.1,0,0
14.1,0,0
14.1,0,0
14,0,26
14.6,0,105
15.8,0,224
17,15,395
18.5,293,399
20.2,564,297
21.9,627,278
22.6,58,541
22.3,0,227
21.9,0,205
21,0,117
19.4,0,54
17.9,0,19
17.1,0,1
17,0,0
17,0,0
16.6,0,0
15.7,0,0
14.9,0,0
14.4,0,0
14.1,0,0
13.8,0,0
13.5,0,0
13.3,0,0
13.1,0,35
14,195,138
15.8,114,278
17.7,0,206
18.7,0,51
18.9,0,44
19.1,3,403
19.4,372,286
19.9,442,334
20.3,635,216
20,697,130
19,591,95
18,353,52
17.4,17,4
17.1,0,0
16.7,0,0
15.5,0,0
13.4,0,0
11.3,0,0
9.9,0,0
9.1,0,0
8.3,0,0
8.2,0,0
8.8,1,1
9.3,111,48
11.2,397,121
14.4,677,126
17.6,765,150
20,777,187
21.6,682,270
23.1,422,435
24,348,455
24.1,721,218
24.2,479,284
23.3,156,311
21.3,23,146
19.4,0,28
18.4,0,4
18.3,0,0
18.2,0,0
17.4,0,0
15.9,0,0
14.4,0,0
13.2,0,0
12.3,0,0
11.5,0,0
11.2,0,0
11.5,0,1
11.8,3,35
13.2,0,155
15.7,314,220
18.1,448,287
19.6,476,334
20.3,372,438
20.9,350,470
20.9,233,513
20.4,338,414
19.9,388,268
19.1,0,17
18,0,10
16.8,0,14
16.2,0,4
16,0,0
15.8,0,0
15.2,0,0
14.1,0,0
13.1,0,0
12.2,0,0
11.6,0,0
11,0,0
10.8,0,0
11,1,1
11.2,115,49
12.6,368,119
15.1,512,179
17.6,328,341
19.4,353,405
20.7,653,283
22,726,250
22.5,762,217
22.4,581,290
22.3,342,347
21.6,558,181
20.4,489,116
19.1,256,61
18.5,12,6
18.3,0,0
18.2,0,0
17.6,0,0
16.7,0,0
15.8,0,0
15.1,0,0
14.8,0,0
14.4,0,0
14.2,0,0
14.2,0,1
14.2,0,39
15,0,124
16.6,184,260
18.1,14,411
19.1,0,293
19.5,62,530
19.9,0,424
20.2,0,431
20.3,50,481
20.4,7,424
20,0,227
19.1,92,164
18.2,53,76
17.6,0,3
17.2,0,0
16.9,0,0
16.5,0,0
16.1,0,0
15.6,0,0
15,0,0
14.3,0,0
13.5,0,0
12.8,0,0
12.2,0,0
11.5,0,45
12.1,57,149
14,529,176
15.8,222,359
16.7,416,367
16.8,486,372
16.8,348,469
16.7,254,483
16.5,0,293
16.3,0,63
15.6,0,93
14.5,0,46
13.3,9,45
12.5,29,6
11.9,0,0
11.4,0,0
10.7,0,0
9.8,0,0
8.9,0,0
8.1,0,0
7.2,0,0
6.3,0,0
5.9,0,0
6.2,5,2
6.5,349,41
8.2,642,77
11.4,773,100
14.6,839,118
16.8,871,134
18.1,880,148
19.3,876,157
20,870,152
20.3,827,158
20.5,774,151
20.1,690,135
19,547,108
18,294,62
17.3,17,7
17,0,0
16.7,0,0
16.2,0,0
15.5,0,0
14.8,0,0
14.2,0,0
14,0,0
13.7,0,0
13.6,0,0
13.7,1,2
13.9,17,43
14.9,47,139
16.7,3,277
18.6,234,366
19.9,616,261
20.8,168,462
21.6,16,382
21.9,29,450
21.7,190,456
21.5,22,348
21,0,268
20.1,0,138
19.3,58,68
18.8,20,7
18.5,0,0
18.3,0,0
17.4,0,0
16.1,0,0
14.7,0,0
13.6,0,0
12.7,0,0
11.9,0,0
11.5,0,0
11.5,4,2
11.6,237,50
13.2,497,105
16.4,638,147
19.6,717,179
21.8,756,206
23,773,224
24.1,779,230
24.7,731,251
24.8,450,377
24.9,330,365
24.3,61,295
22.8,0,194
21.4,0,60
20.4,1,6
19.7,0,0
19,0,0
17.8,0,0
16,0,0
14.2,0,0
12.8,0,0
11.9,0,0
11,0,0
10.8,0,0
11.3,3,2
11.8,4,58
13.5,32,190
16.4,153,300
19.3,473,284
21.4,675,244
22.9,699,263
24.3,712,265
25,762,222
24.9,612,282
24.8,679,197
24.1,589,172
22.6,450,130
21.1,230,69
20.1,0,7
19.4,0,0
18.7,0,0
17.7,0,0
16.2,0,0
14.7,0,0
13.6,0,0
12.8,0,0
11.9,0,0
11.8,0,0
12.2,2,2
12.6,3,42
13.7,0,134
15.3,4,288
17,88,440
18.2,137,514
19.1,345,468
20,594,338
20.5,523,368
20.6,473,357
20.8,440,308
20.3,264,286
19.1,115,145
17.9,0,52
16.8,0,6
15.9,0,0
15,0,0
14.2,0,0
13.5,0,0
12.8,0,0
12.3,0,0
12.2,0,0
12,0,0
12,0,0
12.3,1,2
12.6,1,33
13.5,0,86
14.9,0,216
16.3,7,413
17.7,2,511
19,124,576
20.3,216,554
20.9,384,442
20.7,517,332
20.4,514,271
19.9,177,308
19.1,187,182
18.2,0,70
17.7,0,5
17.5,0,0
17.3,0,0
16.8,0,0
16.2,0,0
15.5,0,0
15.2,0,0
15.2,0,0
15.3,0,0
15.4,0,0
15.5,0,2
15.6,0,35
16,0,36
16.7,0,59
17.5,0,74
18.2,0,91
19,0,131
19.7,0,208
19.7,0,314
18.8,0,279
17.9,0,272
17.1,0,136
16.4,0,106
15.7,0,25
15.4,0,3
15.5,0,0
15.5,0,0
15.4,0,0
15,0,0
14.7,0,0
14.5,0,0
14.4,0,0
14.2,0,0
14.1,0,0
14,0,2
13.9,5,57
14.6,14,181
16.1,16,303
17.6,0,312
18.7,1,402
19.3,198,526
19.9,494,385
20.1,553,338
19.9,337,411
19.7,540,260
19.2,388,242
18.5,200,191
17.7,49,92
17.4,1,9
17.7,0,0
17.9,0,0
17.4,0,0
16.2,0,0
15,0,0
14.2,0,0
13.8,0,0
13.4,0,0
13.3,0,0
13.5,0,3
13.7,79,67
14.9,442,116
17,588,158
19.1,675,186
20.5,696,220
21.2,262,492
21.9,69,541
22.2,28,514
22.2,100,468
22.1,226,384
21.6,580,175
20.7,513,119
19.7,290,69
19,14,11
18.4,0,0
17.9,0,0
17.2,0,0
16.4,0,0
15.7,0,0
15.1,0,0
14.8,0,0
14.5,0,0
14.4,0,0
14.4,5,4
14.4,193,58
15.5,438,118
17.7,595,158
19.9,482,281
21.3,288,437
21.8,172,540
22.4,434,420
22.6,773,203
22.4,772,182
22.3,767,150
21.6,697,132
20.5,574,106
19.5,350,65
18.7,39,11
18.3,0,0
17.8,0,0
17.1,0,0
16,0,0
14.9,0,0
14.3,0,0
14,0,0
13.7,0,0
13.8,0,0
14.3,0,3
14.8,239,56
16,517,102
17.9,396,227
19.7,574,228
20.9,743,193
21.6,768,203
22.2,569,331
22.4,211,528
22.3,42,355
22.2,141,410
21.7,179,290
20.6,7,161
19.6,0,53
19,0,8
18.8,0,0
18.5,0,0
18.1,0,0
17.3,0,0
16.6,0,0
16.1,0,0
15.9,0,0
15.6,0,0
15.5,0,0
15.6,0,3
15.7,0,50
16.6,198,148
18.2,158,287
19.9,654,190
21,753,185
21.5,540,323
22,104,445
22.3,744,219
22.2,557,299
22.1,212,342
21.5,151,286
20.5,75,191
19.5,81,89
18.8,18,12
18.4,0,0
18,0,0
17.5,0,0
16.8,0,0
16.1,0,0
15.6,0,0
15.4,0,0
15.2,0,0
15.2,0,0
15.5,3,4
15.8,72,64
16.8,417,126
18.5,596,154
20.3,610,211
21.4,685,222
22,352,438
22.6,192,374
22.8,165,463
22.7,143,300
22.6,146,332
22,0,272
21,13,196
20,8,72
19.4,0,6
19.2,0,0
19,0,0
18.8,0,0
18.5,0,0
18.3,0,0
18.1,0,0
18,0,0
17.8,0,0
17.8,0,0
18,0,1
18.1,0,21
18.3,0,26
18.8,0,32
19.2,0,53
19.4,0,99
19.5,0,32
19.6,0,28
19.6,0,43
19.7,0,40
19.8,0,58
19.7,0,86
19.6,0,115
19.5,0,61
19.4,0,8
19.3,0,0
19.2,0,0
18.6,0,0
17.4,0,0
16.2,0,0
15.2,0,0
14.4,0,0
13.5,0,0
13,0,0
12.7,0,4
12.5,62,72
13.5,408,131
15.9,490,194
18.2,737,160
19.8,805,160
20.6,831,166
21.4,839,169
22,832,167
22.4,301,371
22.8,508,276
22.5,259,296
21.6,303,182
20.6,228,74
19.7,0,9
18.8,0,0
17.9,0,0
17,0,0
16.1,0,0
15.2,0,0
14.5,0,0
13.9,0,0
13.4,0,0
13.3,0,0
13.8,7,6
14.2,140,70
15.6,451,122
18,656,142
20.4,740,162
22.1,819,156
23,841,164
23.9,840,173
24.4,832,171
24.6,794,175
24.7,739,169
24.2,682,142
23,554,115
21.8,332,72
20.7,35,15
19.7,0,0
18.6,0,0
17.6,0,0
16.6,0,0
15.5,0,0
14.7,0,0
14.1,0,0
13.4,0,0
13.4,0,0
13.9,12,6
14.4,209,64
16,456,120
18.8,588,164
21.5,665,198
23.5,714,220
24.6,743,231
25.7,770,224
26.5,833,171
27,823,157
27.5,785,146
27,710,132
25.7,600,107
24.5,425,63
23.3,71,14
22.3,0,0
21.3,0,0
20,0,0
18.3,0,0
16.7,0,0
15.4,0,0
14.6,0,0
13.8,0,0
13.7,0,0
14.3,16,6
14.8,272,60
16.7,496,112
19.9,636,146
23.1,725,166
25.4,787,171
26.9,809,179
28.3,812,185
29,791,195
29.1,764,190
29.2,719,177
28.4,645,156
26.9,524,123
25.4,310,75
24.2,29,16
23.3,0,0
22.4,0,0
21.2,0,0
19.7,0,0
18.3,0,0
17.2,0,0
16.5,0,0
15.8,0,0
15.7,0,0
16.3,16,6
16.9,241,62
18.7,498,112
21.7,626,150
24.6,700,178
26.8,742,198
28.3,761,212
29.8,772,214
30.6,793,192
30.7,700,226
30.8,707,181
30.1,307,279
28.4,90,228
26.8,133,95
25.5,0,13
24.6,0,0
23.6,0,0
22.5,0,0
21.3,0,0
20,0,0
19,0,0
18.1,0,0
17.2,0,0
17.1,0,0
17.7,9,7
18.4,223,64
20,482,114
22.7,609,154
25.3,682,185
27.3,722,209
28.8,742,224
30.2,751,229
30.8,691,258
30.7,713,220
30.6,688,195
29.7,639,160
28,519,126
26.3,204,88
25.2,0,9
24.7,0,0
24.2,0,0
23.4,0,0
22.5,0,0
21.6,0,0
21,0,0
20.7,0,0
20.5,0,0
20.4,0,0
20.5,0,5
20.6,0,50
21.3,0,139
22.7,46,282
24.1,6,373
25,184,464
25.5,267,468
26,119,395
26.1,0,211
25.8,0,234
25.5,0,253
24.9,0,81
24,0,84
23,0,32
22.3,0,9
21.8,0,0
21.4,0,0
21,0,0
20.6,0,0
20.3,0,0
20,0,0
19.7,0,0
19.4,0,0
19.2,0,0
19.3,0,2
19.4,0,28
19.6,0,76
19.9,0,92
20.3,0,164
20.6,0,367
20.9,122,518
21.2,57,605
21.8,25,481
22.8,76,441
23.7,386,322
23.7,74,300
22.8,0,123
21.9,0,40
20.9,0,6
19.8,0,0
18.7,0,0
17.8,0,0
16.9,0,0
16.1,0,0
15.4,0,0
14.8,0,0
14.1,0,0
14,0,0
14.2,0,6
14.5,118,80
15.6,478,116
17.6,637,144
19.6,733,159
21.1,818,147
22.3,825,164
23.4,819,177
24,812,174
24.1,759,187
24.2,636,215
23.8,467,224
22.7,503,128
21.7,292,80
21,29,16
20.5,0,0
20,0,0
19.4,0,0
18.6,0,0
17.7,0,0
17.2,0,0
17.1,0,0
16.9,0,0
16.9,0,0
17.2,0,4
17.5,83,85
18.4,119,183
20,73,267
21.5,207,383
22.5,56,394
22.9,6,438
23.4,0,406
23.4,0,327
23,0,335
22.6,0,186
22,0,136
21.2,0,55
20.5,0,29
20.1,0,9
20.1,0,0
20.2,0,0
19.9,0,0
19.3,0,0
18.8,0,0
18.1,0,0
17.2,0,0
16.3,0,0
16,0,0
16.1,0,7
16.3,0,44
19.2,0,182
22.4,34,340
22.4,0,411
22.8,0,468
24.1,78,560
25.3,313,495
26.4,126,571
27.2,51,539
26.6,178,430
25.9,116,326
25.9,0,102
25.4,0,68
24.8,0,14
24.2,0,0
23.5,0,0
23.1,0,0
23.1,0,0
22.9,0,0
22.6,0,0
22.4,0,0
22.2,0,0
22,0,0
21.9,0,4
21.9,0,56
22.2,0,124
22.9,0,285
23.1,29,390
23.5,33,528
24.7,0,472
25.6,0,400
26.3,0,308
26.6,0,303
25.7,0,167
25,0,108
25,0,51
24.5,0,26
23.9,0,7
23.3,0,0
22.8,0,0
22.6,0,0
22.5,0,0
22.4,0,0
22.2,0,0
21.9,0,0
21.6,0,0
21.5,0,0
21.5,0,5
21.6,0,42
22,0,99
22.6,0,202
22.8,36,393
23,387,355
24,106,379
25.2,22,379
26.1,289,466
26.4,583,276
25.8,699,174
25.4,630,154
25.6,506,126
25.4,153,94
24.6,0,13
23.8,0,0
22.9,0,0
22.3,0,0
22.1,0,0
21.8,0,0
21.6,0,0
21.3,0,0
21.2,0,0
21.1,0,0
20.9,6,8
21,130,72
21.6,107,186
22.5,175,295
23.3,344,335
24.2,310,424
25.5,214,522
26.7,170,560
27.6,188,521
28.2,373,392
27.5,470,294
26.6,410,239
26.2,100,204
25.4,0,49
24.6,0,11
23.9,0,0
23.2,0,0
22.9,0,0
22.9,0,0
22.6,0,0
22.4,0,0
22.2,0,0
22,0,0
22,0,0
21.9,0,5
22,0,58
22.3,0,103
22.7,0,166
23,0,263
23.6,0,207
24.4,0,357
25.1,0,511
25.6,0,489
25.9,0,503
25.6,67,452
25.4,164,333
25.6,351,177
25.3,306,81
24.5,4,20
23.8,0,0
23.1,0,0
22.7,0,0
22.6,0,0
22.4,0,0
22.3,0,0
22.2,0,0
22.2,0,0
22.1,0,0
22.1,0,5
22.3,0,57
23.1,13,196
24.3,227,277
25.5,474,273
27.1,579,282
28.8,623,295
30,647,296
30.9,671,274
31.8,654,257
31.5,580,248
30.8,522,207
30.6,444,148
29.7,25,108
28.4,0,20
27.2,0,0
26,0,0
25.4,0,0
25.3,0,0
25,0,0
24.7,0,0
24.3,0,0
23.7,0,0
23.4,0,0
23.4,0,7
23.5,0,36
23.7,0,85
23.9,0,192
23.4,0,164
22.9,0,108
23.2,0,64
23.2,0,67
23.4,0,60
23.9,0,54
23.8,0,52
23.2,0,53
22.9,0,53
22.4,0,32
22.4,0,7
22.6,0,0
21.8,0,0
21.1,0,0
21.2,0,0
21.1,0,0
21.1,0,0
21,0,0
20.9,0,0
20.9,0,0
20.9,0,4
21,0,28
21.5,0,53
22.3,0,137
22.3,0,144
22.6,0,121
24.2,0,307
25.9,0,370
27.3,0,121
28.2,19,232
26.7,132,399
25.1,279,287
25.5,31,202
25.4,0,66
24.5,0,15
23.4,0,0
22.2,0,0
21.6,0,0
21.7,0,0
21.6,0,0
21.4,0,0
21.2,0,0
20.3,0,0
19.6,0,0
19.7,0,6
19.8,0,21
19.9,0,60
19.9,0,98
19.3,0,103
18.9,0,172
19.2,0,137
19.5,4,392
19.7,0,313
20,0,209
19.6,0,164
19.3,0,141
19.3,0,69
19.2,0,56
19.1,0,12
19.1,0,0
18.5,0,0
18.1,0,0
18.3,0,0
18.3,0,0
18.3,0,0
18.3,0,0
18.2,0,0
18.2,0,0
18.6,0,4
19,0,37
19.3,0,90
19.6,0,150
19.1,0,94
18.5,0,32
18.8,0,60
18.9,0,40
18.8,0,55
18.7,0,85
18.3,0,56
17.9,0,32
18.1,0,29
18.2,0,22
17.9,0,9
17.5,0,0
17,0,0
16.8,0,0
17.1,0,0
17.4,0,0
17.6,0,0
17.7,0,0
17.8,0,0
17.9,0,0
18,0,6
18.1,0,58
18.4,0,123
18.9,63,280
19.3,604,203
19.8,220,386
20.8,0,420
21.5,9,538
22.4,16,510
23.6,71,527
23.5,101,425
23.2,1,183
23.3,0,103
22.8,0,30
21.9,0,6
21.1,0,0
20.3,0,0
19.8,0,0
19.6,0,0
19.4,0,0
19,0,0
18.5,0,0
18.1,0,0
17.8,0,0
17.9,0,6
18.1,2,76
18.7,5,197
19.5,144,301
19.7,42,408
20.1,0,340
21.2,0,331
22.3,0,315
22.7,0,371
22.5,0,314
22.3,0,361
22.2,0,206
22.3,0,129
22.4,0,25
21.8,0,11
20.6,0,0
19.4,0,0
18.7,0,0
18.5,0,0
18.2,0,0
18.1,0,0
18,0,0
17.9,0,0
18,0,0
18.1,14,9
18.3,195,69
18.9,387,135
19.9,508,189
20.7,576,234
21.5,610,270
22.7,631,293
23.7,663,285
24.4,767,204
24.9,770,182
25,732,169
24.8,679,144
24.4,574,116
23.7,394,77
22.9,96,23
22.3,0,0
21.9,0,0
21.8,0,0
21.8,0,0
21.6,0,0
21.4,0,0
21.2,0,0
21.1,0,0
21,0,0
20.9,39,8
21.1,371,55
21.6,578,94
22.2,505,189
22.9,595,216
23.7,711,198
24.5,474,368
25.3,522,356
25.8,472,374
25.7,670,234
25.2,435,302
24.7,25,305
24.2,0,150
23.5,0,50
22.8,0,13
22.1,0,0
21.8,0,0
21.8,0,0
21.6,0,0
21.4,0,0
21.3,0,0
20.7,0,0
20.2,0,0
20.2,0,0
19.7,0,5
18.7,0,21
18.1,0,27
18.1,0,89
18,0,160
18,0,137
18.1,0,180
18.1,0,79
18,0,45
17.9,0,74
18,0,68
18,0,54
18.3,0,79
18.6,0,35
18.6,0,21
18.6,0,0
18.5,0,0
18.5,0,0
18.7,0,0
18.9,0,0
19.5,0,0
20.9,0,0
21.4,0,0
21.1,0,0
20.8,4,9
20.1,102,71
20.3,572,88
21.9,709,105
23.9,689,163
26,711,181
27.9,830,138
29.5,657,253
30.2,755,192
30.4,795,149
30,606,222
29.8,713,123
29.8,613,101
29.1,316,92
28.1,160,21
27.1,0,0
25.9,0,0
24.8,0,0
24.2,0,0
23.7,0,0
23.1,0,0
22.7,0,0
22.5,0,0
22.4,0,0
22.3,30,9
22.7,125,81
23.3,90,195
24.1,434,192
24.6,783,125
25.4,843,123
26.4,866,124
27,867,129
27.5,847,138
27.6,818,141
27.5,770,141
27.5,536,191
27.4,94,226
27,57,118
25.7,0,17
24.3,0,0
23.6,0,0
23.6,0,0
23.4,0,0
22.9,0,0
22.3,0,0
21.9,0,0
21.7,0,0
21.6,0,0
21.4,10,8
21.5,148,74
22,57,212
22.7,303,248
23.5,654,189
24.3,687,215
25.2,718,226
26.1,718,237
26.7,594,308
26.9,520,325
26.5,184,412
26,19,358
25.6,0,202
25,0,100
24.4,0,23
24,0,0
23.8,0,0
23.7,0,0
23.4,0,0
23,0,0
22.7,0,0
22.4,0,0
22.2,0,0
22.1,0,0
22,5,8
22.1,115,73
22.5,114,190
23.2,284,258
23.9,10,389
24.7,7,415
25.5,42,574
26.2,257,513
26.8,605,301
27.1,546,309
27,474,292
26.8,375,254
26.4,171,208
25.8,1,122
25.2,0,22
24.7,0,0
24.3,0,0
24,0,0
23.6,0,0
23.2,0,0
22.8,0,0
22.4,0,0
22.3,0,0
22.2,0,0
22.3,0,6
22.5,0,39
23,0,59
23.8,0,142
24.1,0,344
24.2,0,434
25.2,7,485
26.4,129,585
27.1,275,497
27.7,321,434
27.9,489,284
27.5,369,253
27,2,225
26.2,59,101
25.4,0,18
24.4,0,0
23.8,0,0
23.6,0,0
23.4,0,0
23.3,0,0
23.5,0,0
23.3,0,0
23.2,0,0
23.1,0,0
23,0,6
23.1,0,33
23.4,0,96
23.9,2,212
24.6,40,439
25.5,11,482
26.4,109,573
26.8,155,572
27.2,178,528
27.3,240,480
26.9,196,425
26.7,46,372
26.5,0,225
25.6,0,111
24.8,0,21
24.4,0,0
24,0,0
23.6,0,0
23.4,0,0
23.3,0,0
23,0,0
22.7,0,0
22.6,0,0
22.4,0,0
22.3,1,8
22.3,0,63
22.7,9,166
23.5,82,308
24.4,197,382
25,19,436
25.1,0,317
25.2,0,172
24.8,0,200
24.2,0,209
24.1,4,330
24,19,293
24.2,0,161
24.3,0,108
24,0,16
23.6,0,0
23.4,0,0
23.4,0,0
23.4,0,0
23.2,0,0
23.1,0,0
23,0,0
22.9,0,0
22.8,0,0
22.9,0,5
23.1,0,28
23.2,0,61
23.5,0,97
23.7,0,88
24,0,89
24.6,0,142
25.2,0,146
25.6,0,121
25.5,0,166
24.8,0,176
24.3,0,111
24,0,82
23.6,0,41
23.4,0,10
23,0,0
22.4,0,0
21.9,0,0
21.9,0,0
21.8,0,0
21.6,0,0
21.4,0,0
20.6,0,0
19.8,0,0
19.5,0,3
19.4,0,12
19.3,0,24
19.2,0,37
19.4,0,133
19.6,0,167
19.2,0,164
18.9,0,184
18.9,0,245
19.3,0,118
20.1,53,296
21,46,316
21.3,52,249
21.5,154,107
21.2,0,15
20.8,0,0
20.5,0,0
20.3,0,0
20.2,0,0
20.1,0,0
19.9,0,0
19.8,0,0
19.7,0,0
19.8,0,0
19.8,1,6
19.9,5,45
20.1,0,119
20.8,1,260
21.7,39,414
22.7,144,494
23.7,354,440
24.7,410,428
25.8,712,232
26.5,706,214
26.5,668,196
26.4,593,176
26.2,489,139
25.6,145,110
24.7,13,28
23.9,0,0
23.5,0,0
23.4,0,0
23.1,0,0
22.9,0,0
22.7,0,0
22.5,0,0
22.4,0,0
22.4,0,0
22.3,13,8
22.5,34,87
23,128,190
23.8,364,229
24.6,624,199
25.4,699,200
26.4,752,198
27.1,753,209
27.5,740,219
27.7,734,206
27.3,575,252
27,241,308
26.9,360,184
26.3,194,105
25.8,14,31
25.7,0,0
25.5,0,0
25.2,0,0
24.9,0,0
24.6,0,0
24.4,0,0
24.3,0,0
24.2,0,0
24.2,0,0
24.2,0,6
24.4,57,71
24.9,500,101
25.5,259,260
26.4,0,361
27.5,128,455
28.7,45,540
28.7,0,373
28.6,0,188
29.1,0,262
28.8,0,228
28.9,0,199
29,0,119
28.4,0,41
27.9,0,14
27.5,0,0
26.8,0,0
26.4,0,0
26.4,0,0
26.2,0,0
26,0,0
26,0,0
26.2,0,0
25.4,0,0
24.4,0,4
24.2,0,39
24.3,0,153
25.3,0,226
26.6,37,326
27.7,192,429
28.9,9,477
28.6,25,558
28.2,63,464
28.8,32,499
28.9,0,331
28.5,5,316
28.2,32,200
27.9,0,73
27.6,0,18
26,0,0
23.7,0,0
22.8,0,0
22.5,0,0
22.4,0,0
22.2,0,0
22,0,0
21.8,0,0
21.6,0,0
21.5,0,2
21.3,0,19
21.5,0,33
21.7,0,132
21.6,0,108
21.7,0,133
22.2,0,164
22.8,0,195
23,0,165
23.6,0,241
23.1,0,166
22.3,0,93
22.6,0,82
22.6,0,33
22.6,0,8
22.7,0,0
22.4,0,0
22.3,0,0
22.4,0,0
22.4,0,0
22.5,0,0
22.6,0,0
22.5,0,0
22.2,0,0
21.4,0,2
20.8,0,22
20.8,0,38
21.1,0,22
21.8,0,36
23.7,0,87
25.7,0,148
26,0,155
25.8,0,208
26.4,0,307
25.7,0,83
25.1,0,80
25.7,0,82
26.1,0,58
25.9,0,13
25.6,0,0
25.2,0,0
24.7,0,0
24.3,0,0
23.7,0,0
23.3,0,0
23.3,0,0
23.2,0,0
23.2,0,0
23.3,0,5
23.4,0,47
23.6,0,59
23.7,0,78
23.6,0,166
23.7,0,239
24,0,197
24.6,0,196
25,0,161
25,0,108
25.1,0,202
25.2,0,105
25.3,0,87
25.3,0,41
25.3,0,13
25.3,0,0
24.9,0,0
24.4,0,0
24,0,0
23.8,0,0
23.8,0,0
23.8,0,0
23.7,0,0
23.6,0,0
23.7,0,3
23.8,0,19
24.1,0,73
24.4,0,75
24.6,0,144
25.1,0,331
25.9,0,453
26.6,0,383
27.5,0,285
28,0,357
27.2,12,398
26.8,133,279
27,0,145
26.8,0,65
26.8,0,11
26.5,0,0
25.9,0,0
25.5,0,0
25.4,0,0
24.9,0,0
24.5,0,0
24.3,0,0
24.2,0,0
24.2,0,0
24.4,0,3
24.7,0,47
25.1,88,175
25.8,133,280
26.2,42,408
26.5,64,475
27.4,166,504
28.5,73,520
29.3,0,493
29.5,0,250
29,0,194
28.2,0,95
27.6,0,57
27.1,0,44
26.6,0,13
26,0,0
25.3,0,0
25,0,0
24.9,0,0
24.6,0,0
24.7,0,0
24.7,0,0
24.6,0,0
24.8,0,0
25.2,0,3
25.7,0,30
25.9,0,32
26.1,0,67
25.9,0,106
25.7,0,175
24.8,0,164
23.6,0,78
23.5,0,73
23.6,0,62
23.3,0,215
22.6,0,123
22.7,0,46
22.9,0,50
22.8,0,17
22.6,0,0
22.3,0,0
22.2,0,0
22.3,0,0
22.2,0,0
22,0,0
21.8,0,0
21.5,0,0
21.4,0,0
21.3,0,4
21.4,10,71
21.8,126,167
22.5,0,248
23.1,0,345
23.6,13,483
24.1,0,450
24.4,0,382
25,0,356
25.6,0,286
25.5,0,176
25.2,0,112
25.4,0,127
25.1,0,64
24.5,0,13
23.9,0,0
23,0,0
22.2,0,0
21.6,0,0
21,0,0
21,0,0
21.2,0,0
21.3,0,0
21.1,0,0
21,0,2
21.1,0,43
21.1,0,86
21.5,0,156
21.8,0,185
22.2,0,195
23.1,0,201
24,0,235
25,0,217
25.3,0,288
24.7,0,147
24.3,0,135
24.1,0,67
23.6,0,78
23,0,26
22.4,0,0
22.1,0,0
21.8,0,0
21.7,0,0
21.7,0,0
21.5,0,0
21.4,0,0
21.3,0,0
21.4,0,0
21.5,0,4
21.2,0,38
21.3,1,119
21.2,0,174
21,0,179
21.2,0,179
21.7,0,209
22,0,198
22.1,0,282
22.1,0,215
21.9,0,240
21.6,0,178
21.5,0,69
21.2,0,60
20.8,0,16
20.8,0,0
20.5,0,0
20.3,0,0
20.5,0,0
20.6,0,0
20.5,0,0
20.5,0,0
20.3,0,0
20.2,0,0
20.2,0,3
20.3,0,58
20.4,0,146
20.9,0,181
21.2,0,194
21.3,0,238
21.7,0,300
22.3,24,494
23.4,141,534
24.2,440,353
24.4,27,423
24.5,57,344
24.4,381,172
23.8,209,94
22.7,0,27
21.7,0,0
20.9,0,0
20.4,0,0
20.3,0,0
20.1,0,0
19.9,0,0
19.8,0,0
19.7,0,0
19.7,0,0
19.8,0,4
19.9,0,18
20.3,0,82
20.7,0,197
21,0,321
21.5,0,166
22.4,0,215
23.1,0,224
23.6,0,190
24.3,0,220
24,0,228
23.2,0,147
23.2,0,171
23.2,4,73
22.8,6,21
22.1,0,0
21.3,0,0
20.7,0,0
20.5,0,0
20.4,0,0
20.2,0,0
20,0,0
19.8,0,0
19.6,0,0
19.5,0,4
19.6,12,65
20.2,0,128
21,0,263
21.7,176,375
22.7,253,386
24,93,507
25.2,0,514
26.3,0,443
27,13,406
26.2,68,442
25.6,31,328
25.5,0,152
24.7,99,109
23.8,0,23
23.1,0,0
22,0,0
21.2,0,0
21,0,0
20.6,0,0
20.3,0,0
20,0,0
19.8,0,0
19.6,0,0
19.5,0,4
19.5,0,32
19.7,0,162
20,0,258
20.7,45,401
21.7,45,485
22.5,20,473
23,0,325
23.6,0,353
24.1,0,342
24.2,0,238
24,0,158
23.8,0,105
23,0,62
22.3,0,14
22.1,0,0
21.5,0,0
21,0,0
20.6,0,0
20.6,0,0
20.7,0,0
20.9,0,0
20.8,0,0
20.6,0,0
20.5,0,2
20.3,0,39
20.3,0,116
20.5,0,174
20.7,0,180
20.7,0,195
21.2,0,103
21.6,0,307
21.9,0,211
22.4,0,192
22.7,0,325
22.8,0,213
22.9,0,108
22.8,0,48
22.7,7,22
22.5,0,0
22.4,0,0
22.4,0,0
22.4,0,0
22.3,0,0
22.2,0,0
22.2,0,0
22.1,0,0
22.2,0,0
22.3,0,2
22.5,0,56
23,0,154
23.6,0,254
24.1,13,381
24.6,135,426
25.5,36,532
26.7,32,500
27.1,0,405
27.2,0,413
26.8,0,300
26,0,247
25.4,0,97
25,0,58
25,0,12
25,0,0
24.9,0,0
24.8,0,0
24.9,0,0
24.9,0,0
24.7,0,0
24.3,0,0
23.2,0,0
21.9,0,0
21.3,0,1
21.4,0,23
21.7,0,69
21.7,0,83
21.5,0,206
21.5,0,109
21.9,0,76
22.3,0,118
22.2,0,127
22.1,0,188
22.2,0,250
22.6,0,224
22.7,0,99
22.6,0,51
22.7,0,10
22.6,0,0
22.4,0,0
22.3,0,0
22.3,0,0
22.2,0,0
22.1,0,0
22,0,0
21.9,0,0
21.6,0,0
21.5,0,2
21.2,0,37
21,0,90
21.2,0,124
21.5,0,144
21.9,0,226
22.3,3,348
22.8,0,252
23.3,0,484
23.6,3,484
23.9,5,326
24,31,314
24.2,0,192
24.1,0,85
23.6,0,19
23.2,0,0
22.5,0,0
21.9,0,0
21.7,0,0
21.4,0,0
21.1,0,0
20.9,0,0
20.8,0,0
20.8,0,0
20.8,0,1
20.8,0,29
20.6,2,107
20.6,3,170
21,0,288
21.7,0,301
22.8,0,338
23.7,0,250
24,0,211
24,0,238
23.6,0,346
23.4,0,210
23.7,0,136
23.6,0,64
23.3,0,18
23,0,0
22.7,0,0
22.3,0,0
22,0,0
22,0,0
22,0,0
22,0,0
22.1,0,0
22.3,0,0
22.5,0,1
22.7,0,14
22.8,0,58
23.4,0,93
24.2,0,217
25.1,0,432
26.1,121,546
27,13,595
27.9,9,600
28.5,350,398
28.3,470,293
28.3,460,225
28.5,357,169
28.2,199,99
27.5,16,24
26.9,0,0
26.2,0,0
25.6,0,0
25.2,0,0
24.8,0,0
24.5,0,0
24.2,0,0
24,0,0
23.9,0,0
23.9,2,3
24,2,34
24.4,0,91
25,0,150
25.5,88,397
26.2,82,420
27.1,0,490
27.9,2,491
28.5,117,423
28.8,78,425
28.7,144,375
28.9,1,233
28.8,0,148
28.2,0,84
27.7,0,14
27.5,0,0
27.3,0,0
27.1,0,0
27.1,0,0
27,0,0
26.8,0,0
26.3,0,0
26,0,0
25.8,0,0
25.8,0,1
26,20,63
26,0,123
25.9,0,166
26.1,0,255
26.3,270,385
26.8,689,212
27.5,672,235
27.7,649,247
27.8,677,208
28.7,578,228
29.5,586,168
29.9,276,180
29.9,0,59
29.6,0,11
29.2,0,0
28.9,0,0
28.8,0,0
28.6,0,0
28.3,0,0
28,0,0
27.7,0,0
27.4,0,0
27.1,0,0
26.8,0,1
26.7,0,39
26.9,0,112
27.2,0,208
27.5,0,343
28.1,0,313
28.9,0,303
29.6,0,359
30,0,322
30.6,0,452
30.7,0,318
29.9,0,190
29,0,130
28.6,0,47
28.6,0,12
28.6,0,0
28.1,0,0
27.4,0,0
27,0,0
26.9,0,0
26.8,0,0
26.6,0,0
26.3,0,0
26.1,0,0
26.1,0,1
26.2,0,44
26.4,0,122
26.6,0,144
26.7,0,147
26.7,0,186
26.9,0,205
27.2,0,273
27.3,0,386
27.2,0,411
26.9,0,366
26.6,9,341
26.8,0,117
26.7,0,41
26.3,0,8
25.9,0,0
25.3,0,0
24.6,0,0
24.4,0,0
24.2,0,0
23.9,0,0
23.8,0,0
23.6,0,0
23.5,0,0
23.5,0,1
23.5,0,38
23.6,0,56
24,0,104
23.6,0,158
23.3,0,116
23.7,0,177
24.5,0,163
25.1,0,167
25.3,0,114
25,0,201
24.6,0,111
24.7,0,88
24.9,0,38
25.1,0,14
25.2,0,0
24.8,0,0
24.5,0,0
24.5,0,0
24.4,0,0
24.4,0,0
24.5,0,0
24.3,0,0
24.2,0,0
24.2,0,1
24.3,0,51
24.5,0,124
24.6,0,115
24.4,0,146
24.4,0,270
24.7,0,238
25.4,0,374
26.7,0,385
27.9,200,458
28.3,339,351
28.6,138,284
28.7,30,193
28.6,28,94
28.3,0,16
27.5,0,0
26.7,0,0
26.2,0,0
26,0,0
25.8,0,0
25.5,0,0
25.3,0,0
25.2,0,0
25.1,0,0
25,0,1
25.1,0,51
25.5,0,122
26.4,1,226
27.3,278,329
28.2,2,382
29.2,0,253
30.1,320,426
30.9,526,342
31.5,565,290
31.4,432,309
30.9,491,209
30.6,357,166
30,62,107
29.3,2,19
28.7,0,0
28.1,0,0
27.5,0,0
27.2,0,0
26.9,0,0
26.8,0,0
26.7,0,0
26.5,0,0
26.3,0,0
26.2,1,2
26.3,54,52
26.8,153,143
27.5,469,173
28.3,100,252
29.1,0,402
30,244,439
30.8,591,306
31.3,553,325
31.5,544,303
31.4,529,260
31.4,469,216
31.1,378,159
30.5,93,99
29.9,3,22
29.3,0,0
28.8,0,0
28.7,0,0
28.7,0,0
28.5,0,0
28.2,0,0
27.9,0,0
27.6,0,0
27.5,0,0
27.5,0,1
27.6,227,43
28.2,500,85
29,644,111
29.6,728,126
30.5,787,129
31.5,809,136
31.7,812,142
31.4,526,312
31.3,622,234
30.7,672,175
30.1,710,111
30.1,599,96
29.8,294,89
29.1,66,16
28.7,0,0
28.2,0,0
28,0,0
28.1,0,0
28.1,0,0
28,0,0
27.8,0,0
27.6,0,0
27.5,0,0
27.4,2,1
27.6,70,41
28,353,117
28.7,379,191
29.3,459,235
30.1,769,137
30.8,374,354
30.9,154,494
30.9,188,435
30.9,282,427
30.7,419,304
30.6,267,281
30.4,105,228
29.8,11,112
29.1,32,20
28.5,0,0
28,0,0
27.9,0,0
28,0,0
28.1,0,0
28.1,0,0
27.9,0,0
27.6,0,0
27,0,0
26.4,0,1
26.4,0,18
26.5,0,30
26.6,0,35
27.1,0,71
28,118,380
29.2,422,371
29.8,611,285
30.5,641,264
31.1,585,273
30.8,583,230
30.4,515,196
30,305,162
29.4,0,76
28.9,0,16
28.8,0,0
28.5,0,0
28.3,0,0
28.2,0,0
28,0,0
27.9,0,0
27.9,0,0
27.8,0,0
27.6,0,0
27.4,0,1
27.6,45,49
28.2,171,137
29,357,200
30,294,308
30.9,17,503
31.7,455,365
32.2,529,342
32.4,539,330
32.4,509,318
32,455,292
31.7,373,246
31.3,75,215
30.5,0,60
29.6,0,8
29.1,0,0
28.7,0,0
28.3,0,0
28,0,0
28,0,0
28.1,0,0
28.2,0,0
28.1,0,0
28,0,0
28,0,1
28.1,0,32
28.7,28,125
29.5,335,205
30.3,417,266
31,421,337
31.7,482,351
32.2,508,355
32.5,528,338
32.8,507,320
32.5,462,288
31.9,394,239
31.5,78,220
31,0,104
30.6,0,12
30.2,0,0
29.7,0,0
29.2,0,0
28.9,0,0
28.7,0,0
28.7,0,0
28.8,0,0
29,0,0
28.9,0,0
28.5,0,1
28.3,74,46
28.7,241,125
29.5,361,198
30.4,344,300
31.3,247,423
32,467,358
32.5,462,382
32.9,501,353
33,471,338
32.6,418,307
32.1,364,248
31.5,125,209
30.5,0,93
29.5,0,14
28.8,0,0
28.3,0,0
28.2,0,0
28.4,0,0
28.3,0,0
28.1,0,0
28,0,0
27.9,0,0
27.8,0,0
27.8,0,1
27.9,75,45
28.6,248,123
29.7,286,224
30.8,324,301
31.8,389,353
32.7,18,576
33.4,186,534
34.1,463,377
34.7,481,334
34.8,457,290
34.8,392,238
34,292,171
32.6,53,93
31.8,2,15
31.1,0,0
30.2,0,0
29.6,0,0
29.3,0,0
29,0,0
28.8,0,0
28.7,0,0
28.4,0,0
28.2,0,0
28.1,0,1
28.1,64,45
28.7,224,125
29.6,339,203
30.6,138,381
31.5,22,517
32.2,156,526
33.1,410,414
33.8,484,365
34.3,467,341
34.2,432,301
33.4,426,227
32.1,323,163
31.1,165,88
30.4,15,15
29.6,0,0
28.9,0,0
28.4,0,0
28.2,0,0
28,0,0
28,0,0
27.9,0,0
27.7,0,0
27.5,0,0
27.4,0,0
27.5,96,43
27.9,293,115
28.6,422,180
29.5,493,235
30.3,546,271
31,572,297
31.5,590,303
32,638,267
32.5,626,250
32.2,586,227
32.1,519,193
31.8,411,144
30.7,240,81
29.6,27,14
29,0,0
28.5,0,0
28.2,0,0
28,0,0
27.7,0,0
27.6,0,0
27.3,0,0
27.1,0,0
27.1,0,0
27,0,0
27.1,143,41
27.6,411,96
28.4,553,139
29.2,633,172
30.1,677,197
30.9,702,214
31.7,714,219
32.7,721,210
33.4,704,201
33.5,671,182
33.3,632,147
32.6,535,113
31.7,356,68
30.7,50,13
29.5,0,0
28.7,0,0
28.4,0,0
28.1,0,0
27.8,0,0
27.5,0,0
27.3,0,0
27.2,0,0
27.2,0,0
27.2,1,0
27.2,218,35
27.5,469,86
28.3,639,110
29.2,517,221
30.3,623,222
31.3,741,181
32.3,784,165
33.1,802,149
33.8,786,143
33.8,749,135
33.6,674,126
33.1,432,134
32.3,206,90
31.3,43,14
30.3,0,0
29.5,0,0
29.3,0,0
29.2,0,0
28.9,0,0
28.6,0,0
28.4,0,0
28.2,0,0
28.1,0,0
28.1,1,0
28.2,107,41
28.7,498,77
29.6,656,102
30.5,727,124
31.5,765,140
32.5,778,157
33.1,754,182
33.6,791,156
33.9,760,158
33.2,443,286
32.7,317,261
32.4,227,193
31.5,231,88
30.6,29,14
29.9,0,0
29.5,0,0
29.5,0,0
29.5,0,0
29.3,0,0
29.2,0,0
29,0,0
28.8,0,0
28.8,0,0
28.9,0,0
28.9,160,37
29.4,449,86
30.3,602,119
31.3,686,143
32.4,675,192
33.2,744,182
33.6,751,190
33.6,773,170
33.5,756,163
33.2,704,160
32.8,290,254
32.2,0,201
31,0,76
30,0,10
29.7,0,0
29.6,0,0
29.4,0,0
29.3,0,0
29,0,0
28.8,0,0
28.7,0,0
28.6,0,0
28.4,0,0
28.4,0,0
28.6,90,42
29.1,329,105
29.8,505,152
30.7,597,186
31.6,421,325
32.4,694,212
32.6,710,216
32.8,726,203
33,695,202
32.3,404,285
31.8,0,296
31.5,152,154
30.8,43,96
30.4,2,12
29.9,0,0
29.3,0,0
28.8,0,0
28.6,0,0
28.5,0,0
28.5,0,0
28.4,0,0
28.4,0,0
28.4,0,0
28.4,0,0
28.5,43,37
29,274,112
29.9,416,175
30.8,506,224
31.7,495,295
32.5,534,315
32.9,603,292
33.1,716,210
33.1,700,199
32.7,641,193
32.1,553,173
31.6,126,201
30.8,38,65
29.9,0,8
29.3,0,0
28.9,0,0
28.8,0,0
28.8,0,0
28.6,0,0
28.5,0,0
28.4,0,0
28.4,0,0
28.3,0,0
28.2,0,0
28.3,126,35
28.7,372,97
29.4,187,248
30,113,380
30.7,257,406
31.5,499,332
31.9,600,289
32.2,580,295
32.6,598,259
32.9,594,216
32.7,508,188
31.9,367,144
30.9,22,89
30.1,1,10
29.6,0,0
29.1,0,0
28.9,0,0
28.8,0,0
28.6,0,0
28.5,0,0
28.3,0,0
28.2,0,0
28.1,0,0
28,0,0
28,29,41
28.4,68,145
29,450,165
29.6,347,291
30.4,583,242
31.5,692,215
32.4,703,222
33.2,706,216
33.7,428,348
33.1,255,370
32.2,304,264
32,264,170
31.6,11,94
31,12,10
30.5,0,0
29.8,0,0
29.2,0,0
29,0,0
28.5,0,0
28.2,0,0
28.1,0,0
27.9,0,0
27.7,0,0
27.7,0,0
27.6,5,34
27.8,0,116
28.5,0,219
29,195,326
29.6,126,384
30.8,0,303
31.7,19,425
32.5,556,294
33,593,250
33,444,276
33,311,259
33,556,99
32.2,197,79
31.3,33,9
30.6,0,0
29.8,0,0
29.5,0,0
29.3,0,0
29.1,0,0
28.9,0,0
28.8,0,0
28.7,0,0
28.6,0,0
28.5,0,0
28.5,140,34
28.8,184,130
29.6,2,201
30.2,0,222
30.5,116,313
31.3,165,450
32.2,54,542
33.1,266,443
33.7,324,372
33.6,28,276
33.4,0,212
33.2,102,173
32.8,217,74
32.4,28,9
31.5,0,0
30.4,0,0
29.9,0,0
29.8,0,0
29.8,0,0
29.9,0,0
29.8,0,0
29.5,0,0
29.2,0,0
29.1,0,0
29,13,23
29.4,164,131
30.1,412,170
30.7,100,300
31.2,130,223
31.8,122,323
32.5,374,396
32.7,81,436
32.7,198,414
32.6,94,413
32.3,92,321
32,3,206
31.6,40,84
31.2,7,9
30.6,0,0
30,0,0
29.6,0,0
29.4,0,0
29.3,0,0
29.1,0,0
28.9,0,0
28.8,0,0
28.7,0,0
28.6,0,0
28.6,19,38
29,4,117
29.8,0,169
30.5,101,255
30.9,338,356
31.1,14,400
31.2,0,419
31.2,32,518
31.1,66,474
31,48,416
30.7,22,307
30.3,0,143
29.8,18,42
29.4,0,7
29.1,0,0
28.8,0,0
28.6,0,0
28.5,0,0
28.4,0,0
28.4,0,0
28.4,0,0
28.3,0,0
28.4,0,0
28.5,0,0
28.6,0,14
28.8,0,19
29,0,34
29.3,0,42
29.7,0,136
30.3,0,124
30.8,0,80
31.1,0,134
31.2,0,238
31.3,0,404
31.2,140,302
30.8,136,186
30.4,25,80
30,0,5
29.6,0,0
29.3,0,0
29.1,0,0
29,0,0
28.9,0,0
28.8,0,0
28.7,0,0
28.6,0,0
28.5,0,0
28.5,0,0
28.5,96,30
29,359,93
29.9,529,138
30.8,618,173
31.7,626,223
32.6,633,255
33.5,612,282
33.9,717,208
33.8,706,193
33.8,645,186
33.5,543,169
32.9,383,132
32.4,122,69
31.8,4,6
31.2,0,0
30.6,0,0
30.2,0,0
29.9,0,0
29.6,0,0
29.4,0,0
29.3,0,0
29.1,0,0
29,0,0
29,0,0
28.9,10,29
29.3,150,116
30.3,305,195
31.2,378,268
32.1,337,367
33.1,362,406
34,460,372
34.4,389,405
34.3,357,384
34.2,259,355
33.9,111,313
33.3,19,190
32.7,7,52
32,0,5
31.2,0,0
30.3,0,0
29.8,0,0
29.5,0,0
29.3,0,0
29,0,0
28.8,0,0
28.6,0,0
28.4,0,0
28.2,0,0
28.1,2,19
28.4,0,95
29.1,0,187
29.8,0,234
30.6,0,166
31.5,0,264
32.3,0,444
32.6,0,313
32.2,27,409
31.8,19,392
31.3,0,209
30.7,0,191
30,34,74
29.4,0,2
28.7,0,0
28,0,0
27.6,0,0
27.5,0,0
27.4,0,0
27.3,0,0
27.1,0,0
27,0,0
26.9,0,0
26.9,0,0
26.8,0,12
27.1,0,72
27.5,0,153
28,3,145
28.7,5,444
29.6,0,279
30.4,0,266
30.9,0,366
31,0,268
31.1,0,376
30.8,0,184
30.2,0,87
29.5,0,37
28.9,0,1
28.4,0,0
27.9,0,0
27.6,0,0
27.5,0,0
27.3,0,0
27.2,0,0
27,0,0
26.7,0,0
26.6,0,0
26.6,0,0
26.5,18,30
26.9,123,115
27.7,324,194
28.3,245,306
28.6,503,281
28.9,36,477
29.1,0,239
28.9,22,439
29.2,45,408
30,61,403
30,0,145
29.2,0,70
28.4,0,20
27.9,0,2
27.6,0,0
27.4,0,0
27.2,0,0
26.9,0,0
26.6,0,0
25.9,0,0
25.4,0,0
25.7,0,0
26,0,0
26,0,0
25.9,0,9
26.2,0,60
26.8,0,73
27.1,0,102
27,8,201
27.1,43,504
27.8,0,493
28.9,0,346
29.7,0,368
30.1,14,406
30.4,24,271
30.7,90,171
30.6,27,49
30.3,0,2
29.7,0,0
28.8,0,0
28.2,0,0
27.8,0,0
27.5,0,0
27.6,0,0
27.8,0,0
28,0,0
28.1,0,0
28.1,0,0
28.2,0,21
28.3,0,35
27.8,0,82
27.1,0,75
27.1,0,158
28.1,0,184
30,7,332
30.4,0,238
29.6,0,310
29.7,0,187
30,0,93
29.4,0,40
29.1,0,36
29.2,0,2
29.1,0,0
28.6,0,0
28.3,0,0
28.2,0,0
28,0,0
27.9,0,0
28,0,0
28,0,0
28,0,0
28,0,0
28,0,12
28,0,100
28.4,0,199
28.7,24,379
29.3,309,375
30.2,155,498
30.6,122,536
30.8,308,441
31,663,219
30.7,635,189
30.5,539,165
30.4,125,132
30.1,0,45
29.7,0,2
29.2,0,0
28.7,0,0
28.3,0,0
27.8,0,0
27.4,0,0
27.4,0,0
27.4,0,0
27.1,0,0
26.8,0,0
26.4,0,0
26.1,0,14
26.2,0,104
26.7,277,193
27,448,238
27.6,548,262
28.6,610,269
29.5,539,326
30.3,592,286
30.8,668,216
30.7,443,273
30.5,284,251
29.9,267,142
29.1,73,62
28.5,1,2
27.8,0,0
27.2,0,0
27.1,0,0
27.1,0,0
27,0,0
26.7,0,0
26.4,0,0
26.2,0,0
26.2,0,0
26.2,0,0
26.1,0,18
26.3,5,92
26.8,27,161
27.1,0,62
27.3,0,325
28,0,284
28.9,68,390
29.6,13,212
30,76,397
29.7,268,246
29.3,0,220
28.9,0,133
28.1,0,37
27.4,0,2
26.8,0,0
26.4,0,0
26.1,0,0
25.9,0,0
25.6,0,0
25.3,0,0
25.1,0,0
24.9,0,0
24.8,0,0
24.6,0,0
24.6,1,18
24.8,0,81
25.5,51,225
26.3,115,344
27.1,24,378
27.9,41,383
28.7,54,559
29.5,146,460
30.1,9,422
29.9,0,292
29.7,8,220
29.6,24,156
29,0,34
28.3,0,1
27.6,0,0
27.2,0,0
27.1,0,0
27.3,0,0
26.6,0,0
25.9,0,0
25.9,0,0
26.2,0,0
26.6,0,0
26.9,0,0
27.1,0,14
27.4,0,98
27.8,0,164
28.1,0,267
28.3,0,411
28.6,0,131
28.9,0,86
29.2,0,258
29.4,0,220
28.8,0,125
28.6,0,88
28.8,0,70
28.6,0,32
28.1,0,1
27.9,0,0
28,0,0
28.3,0,0
28.5,0,0
28.6,0,0
28.6,0,0
28.6,0,0
28.4,0,0
28.2,0,0
27.9,0,0
27.7,0,18
27.7,184,95
28.1,136,195
28.9,186,326
30,501,266
31,642,234
31.9,609,268
32.8,341,402
33.6,23,320
33.9,487,233
33.8,433,187
33.3,21,123
32.2,0,33
31.5,0,1
30.9,0,0
30.2,0,0
29.9,0,0
30.2,0,0
30.3,0,0
30,0,0
29.7,0,0
29.2,0,0
28.9,0,0
28.6,0,0
28.5,2,13
28.7,0,27
27.6,0,23
25.9,0,74
26.3,0,64
26.8,0,40
27.6,0,43
29.2,0,161
29.7,0,250
29.2,0,227
29.2,0,70
29.4,0,94
29.1,0,38
28.8,0,1
28.5,0,0
28.1,0,0
28,0,0
28,0,0
27.9,0,0
27.8,0,0
27.7,0,0
27.5,0,0
27.4,0,0
27.4,0,0
27.4,0,18
27.6,0,101
28,0,231
28.4,0,312
28.7,0,377
29,9,509
29.3,10,547
29.7,122,508
30.3,376,344
30.5,536,218
30.4,438,172
30.4,0,132
30,0,38
29.6,0,0
29.6,0,0
29.2,0,0
28.7,0,0
28.4,0,0
28.2,0,0
28,0,0
27.8,0,0
27.5,0,0
27.2,0,0
27.1,0,0
27.1,0,18
27.1,0,79
27.4,0,193
28.1,62,327
29,338,351
29.8,59,500
30.5,235,471
30.8,239,456
31.3,123,430
31.7,144,356
31.8,66,291
31.6,0,121
30.9,0,37
29.9,0,0
29,0,0
28.4,0,0
28,0,0
27.8,0,0
27.8,0,0
27.7,0,0
27.5,0,0
27.3,0,0
27.3,0,0
27.3,0,0
27.4,61,19
27.6,301,86
28.1,134,236
28.3,7,334
28.8,0,352
29.7,101,469
30.3,448,357
30.6,366,394
31.1,227,389
31.2,169,326
31.1,365,205
31,115,155
30.3,84,47
29.6,0,0
29.2,0,0
29,0,0
28.5,0,0
27.8,0,0
27.3,0,0
27,0,0
26.6,0,0
26.4,0,0
26.4,0,0
26.3,0,0
26.2,3,16
26.3,0,80
26.6,0,183
27,0,133
27.6,0,157
28.1,0,215
28.7,0,156
28.6,4,418
28.4,0,348
28.4,0,188
28.3,0,128
28.2,0,78
27.9,0,40
27.2,0,0
26.5,0,0
25.4,0,0
24.7,0,0
24.7,0,0
24.7,0,0
24.8,0,0
24.8,0,0
24.7,0,0
24.7,0,0
24.7,0,0
24.7,0,13
24.7,0,81
24.8,0,127
24.7,0,107
25,0,146
26,0,199
27,0,273
27.9,0,364
28.6,0,337
28.2,0,110
27.5,0,107
27.3,0,56
26.7,0,16
26.3,0,0
25.9,0,0
25.6,0,0
25.4,0,0
25.5,0,0
25.4,0,0
25,0,0
24.7,0,0
24.5,0,0
24.4,0,0
24.3,0,0
24.3,0,15
24.5,0,71
25,0,117
25.8,0,207
26.7,0,231
27.5,0,361
28.1,11,474
28.8,242,445
29.6,30,438
30,0,297
30.3,70,243
30.3,0,126
30,0,33
29.4,0,0
28.7,0,0
28.1,0,0
27.7,0,0
27.5,0,0
27.3,0,0
27,0,0
26.9,0,0
26.8,0,0
26.8,0,0
26.7,0,0
26.7,84,16
26.9,418,67
27.5,580,109
28.4,357,260
29.4,186,400
30.2,502,302
31,614,257
31.7,674,215
32.2,648,205
32.3,647,163
32,623,116
31.2,483,81
30.3,189,31
29.6,0,0
29.1,0,0
28.7,0,0
28.6,0,0
28.4,0,0
28,0,0
27.7,0,0
27.5,0,0
27.3,0,0
27.2,0,0
27,0,0
27,105,14
27.2,389,75
27.8,241,195
28.6,382,249
29.5,623,199
30.4,520,287
31.2,752,170
31.9,818,127
32.6,793,123
32.7,276,275
32.4,66,262
31.9,18,139
31,16,33
29.9,0,0
29.2,0,0
28.9,0,0
28.7,0,0
28.7,0,0
28.6,0,0
28.3,0,0
28,0,0
27.8,0,0
27.8,0,0
27.7,0,0
27.6,96,14
27.9,312,88
28.5,173,211
29.3,543,180
30,328,309
30.8,159,344
31.4,120,272
31.8,237,412
32.4,606,213
32.9,690,133
32.8,518,139
32.2,297,93
31.6,8,30
30.8,0,0
30,0,0
29.4,0,0
29.3,0,0
29.3,0,0
28.8,0,0
28.2,0,0
27.6,0,0
27,0,0
26.5,0,0
26.2,0,0
26.1,0,4
26.6,0,36
27.6,0,103
29,0,209
29.8,18,383
30.4,336,378
31.4,490,313
32.6,519,288
33.6,449,293
33.9,659,148
33.8,207,232
33.1,50,148
32.3,12,34
31.9,0,0
31.7,0,0
31.5,0,0
30.9,0,0
30.3,0,0
29.8,0,0
29.5,0,0
29.5,0,0
29.4,0,0
29.4,0,0
29.2,0,0
29.1,44,15
29.3,182,90
29.8,515,122
30.5,619,154
31.3,671,179
32.2,694,197
33,639,240
33.5,673,213
33.8,605,223
34,545,196
34.1,352,190
33.8,147,126
32.8,8,31
31.8,0,0
31.3,0,0
30.9,0,0
30.6,0,0
30.6,0,0
30.2,0,0
29.6,0,0
29.3,0,0
28.9,0,0
28.6,0,0
28.5,0,0
28.3,7,13
28.4,0,105
28.8,0,200
29.3,0,311
29.8,251,360
30.7,396,355
31.4,91,499
31.8,197,458
32,2,389
31.6,14,380
31.2,51,248
30.7,0,72
30.3,0,9
30.3,0,0
30.6,0,0
30.3,0,0
29.7,0,0
29.4,0,0
29.4,0,0
29.4,0,0
29.3,0,0
29.1,0,0
28.8,0,0
28.6,0,0
28,44,14
27.6,221,83
27.7,576,105
27.9,462,216
28.1,381,315
28.6,89,424
29.2,0,451
29.8,0,339
30,116,404
29.2,140,335
28.1,276,212
27.5,57,113
26.8,0,24
26.1,0,0
25.6,0,0
25.4,0,0
25.5,0,0
25.4,0,0
25.1,0,0
24.9,0,0
24.6,0,0
24.5,0,0
24.4,0,0
24.2,0,0
24,0,8
24,0,40
24.2,0,62
24.4,0,96
24.7,0,89
25.1,0,174
25.4,0,133
25.7,0,98
25.9,0,63
25.6,0,232
25.3,0,126
25.4,0,34
25.2,1,15
24.8,0,0
24.4,0,0
24,0,0
23.8,0,0
23.6,0,0
23.3,0,0
22.9,0,0
22.9,0,0
22.9,0,0
22.7,0,0
22.7,0,0
22.7,11,9
22.9,0,61
23.1,0,146
22.9,0,139
22.8,0,153
23.2,0,298
23.6,0,271
24.5,37,452
25.7,0,229
25.9,0,170
25.7,0,168
26,3,113
26.2,65,25
26,0,0
25.7,0,0
25.4,0,0
25.2,0,0
25,0,0
24.9,0,0
24.7,0,0
24.5,0,0
24.4,0,0
24.2,0,0
24.1,0,0
24.1,50,12
24.4,365,67
25.1,555,109
26,587,166
27,518,245
28.3,470,310
29.4,465,324
30.2,717,179
30.8,715,157
30.7,682,132
30.3,574,115
30,282,91
29.2,12,27
28.4,0,0
27.6,0,0
26.8,0,0
26.4,0,0
26.4,0,0
26.5,0,0
26.4,0,0
26,0,0
24.7,0,0
24.1,0,0
24.5,0,0
24.6,0,6
24.3,0,30
24.1,0,34
23.8,0,29
23.8,0,106
24.6,0,114
25.2,0,43
25.9,0,164
26.7,0,180
26.5,0,92
26.3,0,113
26.9,2,109
27,34,24
26.9,0,0
26.8,0,0
26.5,0,0
26.3,0,0
26.2,0,0
26,0,0
25.8,0,0
25.8,0,0
25.8,0,0
25.7,0,0
25.6,0,0
25.4,19,11
25.7,222,78
26.3,433,135
27,572,168
27.9,480,266
28.9,492,299
29.7,525,296
30.6,480,304
31.2,661,186
31,651,147
30.4,557,118
29.5,377,77
28.5,77,18
27.5,0,0
26.8,0,0
26.1,0,0
25.6,0,0
25.4,0,0
25.1,0,0
24.6,0,0
24.2,0,0
23.8,0,0
23.5,0,0
23.4,0,0
23.2,34,10
23.3,258,81
23.8,18,229
24.3,7,318
24.5,7,313
24.6,0,249
24.7,0,54
24.9,0,203
24.8,0,104
23.8,0,132
22.7,0,75
22.3,0,51
21.9,0,9
21,0,0
20.7,0,0
20.8,0,0
21.2,0,0
21.7,0,0
22.1,0,0
22.5,0,0
22.7,0,0
22.8,0,0
22.9,0,0
22.9,0,0
22.7,23,11
22.7,205,88
22.9,523,119
23.4,272,144
24.3,231,200
25.2,808,139
26,820,143
26.8,759,169
27.4,444,293
27.2,419,241
26.9,92,213
26.5,0,81
25.6,5,14
24.8,0,0
24.1,0,0
23.4,0,0
23.2,0,0
23.1,0,0
22.8,0,0
22.6,0,0
22.5,0,0
22.3,0,0
22.2,0,0
22.2,0,0
22.2,0,9
22.3,0,81
22.5,335,155
22.8,551,179
23.4,502,261
24.2,468,320
25,481,329
25.6,435,334
26.2,316,347
26.6,179,325
26.8,121,234
26.8,53,98
26.3,0,13
25.4,0,0
24.7,0,0
24.4,0,0
24.2,0,0
24.2,0,0
24.1,0,0
24,0,0
23.8,0,0
23.7,0,0
23.4,0,0
22.5,0,0
21.8,0,6
21.9,6,62
22.4,0,155
22.8,0,154
23,0,238
23,42,469
23.6,9,386
23.9,0,200
23.8,0,155
24.1,0,135
24.4,0,162
24.3,0,88
23.9,0,10
23.4,0,0
23.1,0,0
22.9,0,0
22.8,0,0
22.7,0,0
22.5,0,0
22.3,0,0
22.2,0,0
22,0,0
22,0,0
22,0,0
21.9,29,8
22,345,61
22.5,361,155
23.3,44,306
24.4,706,149
25.5,646,206
26.4,673,201
27,455,303
27.1,114,320
26.5,0,160
25.8,0,109
25.4,0,44
24.9,0,8
24.3,0,0
23.9,0,0
23.2,0,0
22.6,0,0
22.4,0,0
22.5,0,0
22.5,0,0
22.6,0,0
22.5,0,0
22.4,0,0
22.6,0,0
23,9,9
23.9,69,76
25.4,18,144
27.2,110,265
28.5,0,227
29.5,201,406
30.4,29,421
30.8,175,414
30.9,275,340
30.6,509,184
30.3,374,151
29.9,8,61
29.3,0,7
28.8,0,0
28.4,0,0
28.1,0,0
28.2,0,0
28.1,0,0
27.8,0,0
27.5,0,0
27.2,0,0
27,0,0
26.7,0,0
26.5,0,0
26.4,41,7
26.5,396,54
26.9,595,89
27.6,690,114
28.2,401,281
28.9,0,389
29.6,294,369
29.8,375,339
29.8,122,264
29.3,0,88
28.9,0,120
29,0,76
28.6,0,9
27.7,0,0
26.6,0,0
25.9,0,0
25.7,0,0
25.5,0,0
25.3,0,0
25.1,0,0
25.1,0,0
25,0,0
24.9,0,0
24.5,0,0
24,0,5
23.7,25,83
23.7,119,168
24.2,86,303
25.1,78,402
26,119,451
26.7,690,205
27.4,715,183
28.1,481,267
28.5,634,151
28.6,528,119
28.4,359,68
27.4,49,9
26.3,0,0
25.4,0,0
25,0,0
25,0,0
24.9,0,0
24.8,0,0
24.5,0,0
24.1,0,0
23.6,0,0
23,0,0
22.7,0,0
22.5,10,7
22.5,0,76
22.8,97,197
23.3,311,258
23.9,484,261
24.7,399,342
25.6,21,461
26.3,84,451
27,46,422
27.2,131,315
27.1,395,152
26.7,225,78
25.8,13,10
24.9,0,0
24.2,0,0
23.8,0,0
23.6,0,0
23.6,0,0
23.4,0,0
23.2,0,0
23.1,0,0
22.9,0,0
22.8,0,0
22.8,0,0
22.7,16,7
22.8,254,65
23.2,463,122
23.8,565,166
24.6,579,217
25.3,561,263
26,583,264
26.8,716,183
27.4,358,309
27.8,2,318
27.9,128,193
27.3,0,84
26.4,11,9
25.7,0,0
25.1,0,0
24.8,0,0
24.7,0,0
24.5,0,0
24.4,0,0
24.2,0,0
24.1,0,0
24.1,0,0
23.9,0,0
23.8,0,0
23.7,7,7
23.9,63,89
24.5,520,104
25.3,474,192
26.3,753,129
27.2,787,135
27.6,650,215
27.7,543,254
27.8,80,267
27.6,0,146
27.3,0,146
26.7,26,85
26.2,0,7
26,0,0
25.8,0,0
25.5,0,0
25.3,0,0
25.2,0,0
25.1,0,0
25,0,0
24.9,0,0
24.9,0,0
24.9,0,0
24.9,0,0
24.8,0,4
24.9,0,52
25.2,0,128
25.6,0,174
26.1,2,299
26.9,22,437
27.6,0,339
28.1,73,438
28.2,212,354
27.5,343,231
27.1,85,192
26.8,22,87
26.3,0,6
26,0,0
25.7,0,0
25.6,0,0
25.7,0,0
25.7,0,0
25.7,0,0
25.8,0,0
25.8,0,0
25.8,0,0
25.7,0,0
25.6,0,0
25.5,0,5
25.4,0,68
25.9,80,194
26.3,203,276
26.9,89,391
27.9,88,430
28.8,113,430
29.5,284,322
30,416,260
29.8,603,147
29.2,272,161
29,126,76
28.4,0,3
27.7,0,0
27,0,0
26.2,0,0
25.6,0,0
25.2,0,0
24.9,0,0
24.6,0,0
24.4,0,0
24,0,0
23.8,0,0
23.7,0,0
23.5,0,4
23.7,59,76
24.2,381,132
25.1,552,166
26.1,642,187
26.8,659,210
27.6,629,236
28.4,731,172
29,695,162
29.3,614,146
29.3,483,114
28.7,135,73
27.5,11,5
26.6,0,0
26.1,0,0
25.5,0,0
25.1,0,0
24.9,0,0
24.7,0,0
24.5,0,0
24.2,0,0
24,0,0
23.9,0,0
23.8,0,0
23.7,10,5
23.8,58,79
24.3,463,122
24.8,321,244
25.5,726,149
26.4,520,277
27.1,564,267
27.8,750,165
28.5,708,158
28.9,635,141
29.1,509,109
28.7,272,58
27.7,0,3
26.8,0,0
26,0,0
25.3,0,0
25.2,0,0
25.2,0,0
25,0,0
24.8,0,0
24.7,0,0
24.5,0,0
24.4,0,0
24.3,0,0
24.3,3,4
24.4,38,70
24.9,7,194
25.6,18,264
26.4,183,355
26.9,78,413
27.2,115,444
27.5,81,428
27.6,389,257
27.5,151,249
27.2,29,165
26.7,18,59
26.1,0,4
25.7,0,0
25.5,0,0
25.4,0,0
25.5,0,0
25.5,0,0
25.3,0,0
25.2,0,0
25,0,0
25,0,0
25,0,0
24.8,0,0
24.8,0,4
25,0,34
25,0,63
25.3,0,104
26.3,324,254
27.5,118,352
28.5,301,372
29.5,613,212
30.1,703,141
29.8,225,253
29.5,424,114
29.4,139,64
28.8,0,3
28.2,0,0
27.8,0,0
27.8,0,0
27.9,0,0
27.7,0,0
27.4,0,0
27,0,0
26.7,0,0
26.4,0,0
26.4,0,0
26.4,0,0
26.2,24,4
26.2,434,42
26.6,660,71
27.4,761,89
28.2,816,100
29,803,127
29.4,547,262
29.7,806,124
30,776,116
30,695,110
29.6,555,91
28.6,215,53
27.3,6,3
26.4,0,0
25.9,0,0
25.5,0,0
25.2,0,0
24.9,0,0
24.6,0,0
24.2,0,0
24,0,0
23.8,0,0
23.5,0,0
23.4,0,0
23.3,0,2
23.1,0,36
22.8,0,91
22.6,0,51
22.8,0,63
23.1,0,52
22.7,0,48
22.1,0,84
21.7,0,139
21.4,0,235
21.3,36,174
21.2,0,57
21.1,0,2
20.8,0,0
20.7,0,0
20.7,0,0
20.7,0,0
20.8,0,0
20.8,0,0
20.7,0,0
20.6,0,0
20.3,0,0
20.2,0,0
20.2,0,0
20.2,0,2
20.3,0,51
20.5,17,148
20.8,9,204
21.2,83,245
22,388,314
23,64,405
23.6,309,332
24.1,45,382
24,98,266
23.7,0,121
23.3,0,37
22.7,0,1
22.4,0,0
22,0,0
21.3,0,0
20.7,0,0
20.6,0,0
20.6,0,0
20.7,0,0
20.8,0,0
20.8,0,0
20.8,0,0
21.1,0,0
21.4,0,2
21.7,0,32
22.6,5,126
23.4,8,212
24.4,0,272
25.9,23,362
26.9,0,339
27.5,38,376
28,69,233
28.1,0,199
28,23,145
27.7,13,58
27.1,0,1
26.6,0,0
26.5,0,0
25.8,0,0
25.1,0,0
24.8,0,0
24.2,0,0
23.7,0,0
23.4,0,0
23.3,0,0
22.9,0,0
22.3,0,0
21.8,7,3
21.3,373,44
21.1,643,75
21.1,768,90
20.9,838,96
21.5,631,215
22.9,583,248
23.7,869,102
24.3,841,97
24.7,782,87
24.7,659,71
24.3,342,41
23.1,5,1
22.1,0,0
21.7,0,0
21.5,0,0
21.4,0,0
21.3,0,0
21.1,0,0
21,0,0
20.8,0,0
20.5,0,0
20.3,0,0
20.2,0,0
20.1,8,3
20.2,151,64
20.7,556,91
21.3,706,109
21.9,765,124
23,469,279
24.1,73,331
25,204,328
25.6,0,296
25.3,30,270
24.8,4,164
24.6,10,48
24,1,1
23.4,0,0
23,0,0
21.8,0,0
20.6,0,0
20.8,0,0
21,0,0
20.5,0,0
20.2,0,0
20,0,0
19.9,0,0
20.2,0,0
20.5,0,1
20.8,0,42
21.2,0,128
21.5,0,160
22.1,0,225
23.2,0,150
23.6,0,134
24,0,117
24.3,0,120
23.8,0,104
23.4,0,71
23.5,0,26
23.6,0,0
23.4,0,0
23,0,0
22.7,0,0
22.6,0,0
22.9,0,0
23.2,0,0
23.3,0,0
23.3,0,0
23.3,0,0
23.4,0,0
23.8,0,0
24.1,0,1
24.5,0,28
25,0,28
25,0,44
25.1,0,20
25.6,0,25
26.2,0,23
26.1,0,18
25.4,0,14
25.4,0,20
25.4,0,16
25.4,0,12
25.8,0,0
26,0,0
26,0,0
25.5,0,0
25.6,0,0
25.9,0,0
26.1,0,0
26.3,0,0
26,0,0
25.8,0,0
25.7,0,0
25.5,0,0
25.2,9,2
25.7,402,35
26.7,657,61
27.2,760,79
27.7,829,86
28.2,768,134
28.4,583,228
28.5,840,97
28.4,807,91
28.1,737,82
27.6,607,66
27,301,33
26.1,1,1
25.6,0,0
24.8,0,0
23.6,0,0
22.8,0,0
22.5,0,0
22,0,0
21.5,0,0
21.2,0,0
20.5,0,0
20,0,0
19.9,0,0
19.9,0,1
20,0,28
20,0,70
19.7,0,59
19.2,0,34
19.4,0,126
19.4,0,189
19.3,0,84
19.5,0,79
19.2,0,93
18.9,0,75
18.8,0,33
18.5,0,0
18.4,0,0
18.4,0,0
18.3,0,0
18.5,0,0
18.7,0,0
18.7,0,0
18.8,0,0
19.1,0,0
19,0,0
18.9,0,0
18.8,0,0
18.8,0,1
18.9,0,46
19.1,0,121
19.5,0,185
19.9,29,284
20.4,44,285
21,0,170
21.5,312,318
21.8,413,238
21.8,139,191
21.3,0,80
20.7,0,27
20,0,0
19.4,0,0
19.1,0,0
18.9,0,0
18.7,0,0
18.4,0,0
18.2,0,0
18.1,0,0
18,0,0
17.6,0,0
17.3,0,0
17.1,0,0
16.9,0,1
17,0,28
17.4,0,65
17.5,0,66
17.5,0,111
17.8,0,97
18.3,0,195
19,0,268
19.6,0,189
19.3,0,135
19.1,0,126
19.3,0,42
19.3,0,0
19.1,0,0
18.9,0,0
18.6,0,0
18.5,0,0
18.4,0,0
18.4,0,0
18.4,0,0
18.4,0,0
18.4,0,0
18.4,0,0
18.3,0,0
18.3,0,1
18.4,0,43
18.7,0,108
18.7,0,114
18.7,0,119
19.1,0,149
19.9,0,190
20.7,0,119
21.2,0,76
20.7,0,79
20,0,84
20,0,34
20,0,0
20,0,0
19.7,0,0
18.9,0,0
18.9,0,0
19.5,0,0
19.6,0,0
19,0,0
18.2,0,0
18.2,0,0
18.2,0,0
18.1,0,0
17.9,0,0
17.8,22,51
18,15,151
18.2,0,124
18.5,0,148
18.5,0,144
19.2,0,205
20.2,6,279
21.1,0,29
20.6,0,98
19.9,0,89
20.1,0,23
20,0,0
19.8,0,0
19.8,0,0
19.2,0,0
18.7,0,0
18.9,0,0
19,0,0
18.8,0,0
18.6,0,0
18.1,0,0
16.9,0,0
16,0,0
16.4,0,0
17.1,0,23
17.6,0,67
17.8,0,156
18.1,0,148
18.7,0,332
19.8,0,351
21.2,0,237
22.2,0,145
21.9,0,97
21.3,0,56
21.8,0,18
22.4,0,0
22.9,0,0
22.8,0,0
22.2,0,0
21.8,0,0
21.6,0,0
21.4,0,0
21.4,0,0
21.3,0,0
21.2,0,0
21.2,0,0
21.4,0,0
21.4,0,0
21.4,0,40
21.5,5,113
21.7,0,152
22,0,206
22.6,0,315
23.4,114,390
24,46,387
24,94,285
23.7,91,228
23.5,380,89
23.2,0,33
22.8,0,0
22.4,0,0
21.8,0,0
21.4,0,0
21.3,0,0
21.2,0,0
21.1,0,0
20.9,0,0
20.7,0,0
20.4,0,0
20.3,0,0
20.3,0,0
20.2,0,0
20.1,16,49
20.3,0,112
20.4,0,220
20.5,0,310
20.7,0,356
21.4,4,394
22,6,260
22.2,0,162
21.5,0,76
20.6,0,68
20.3,0,20
19.9,0,0
19.5,0,0
19.1,0,0
18.7,0,0
18.4,0,0
18,0,0
17.7,0,0
17.2,0,0
17.1,0,0
16.6,0,0
15.8,0,0
16.3,0,0
16.9,0,0
16.6,5,43
16.4,0,47
16.3,0,22
16.1,0,89
15.8,0,59
15.7,0,40
15.8,17,129
16,51,244
16.5,0,50
17.1,0,74
17.5,10,30
17.8,0,0
17.9,0,0
17.8,0,0
17.9,0,0
18.1,0,0
18.3,0,0
18.3,0,0
18.2,0,0
18,0,0
17.7,0,0
17.5,0,0
17.4,0,0
17.3,1,0
17.5,302,32
18.1,611,66
19.1,738,86
20.1,804,98
21.2,779,130
22.1,599,218
22.8,808,114
23.3,762,109
23.5,670,98
23.4,243,112
23,78,32
22.1,0,0
21.3,0,0
20.8,0,0
20.3,0,0
20,0,0
19.9,0,0
19.8,0,0
19.7,0,0
19.6,0,0
19.5,0,0
19.4,0,0
19.3,0,0
19.3,0,0
19.3,0,34
19.4,0,134
19.8,49,194
20.5,50,215
21,3,180
21.2,5,296
21.5,0,144
21.6,0,184
21.5,0,97
21,0,75
20.4,0,22
19.9,0,0
19.6,0,0
19.5,0,0
19.3,0,0
19.1,0,0
19,0,0
18.9,0,0
19.3,0,0
19.9,0,0
20,0,0
20,0,0
20,0,0
19.9,0,0
19.6,0,15
19.8,0,27
18.3,0,43
16.6,0,20
17,0,16
16.9,0,18
16.6,0,27
16.7,0,29
16.8,0,48
16.6,0,39
16.5,0,11
16.7,0,0
16.7,0,0
17.2,0,0
17.7,0,0
18.1,0,0
18.5,0,0
18.5,0,0
18.3,0,0
18.3,0,0
18.2,0,0
18,0,0
17.9,0,0
17.8,0,0
18.2,107,44
18.9,194,136
19.7,93,164
20.8,676,139
22,748,136
22.6,469,262
23,516,216
23.3,303,253
23.3,359,143
23.1,0,76
22.9,33,22
22.6,0,0
22.3,0,0
22,0,0
21.7,0,0
21.4,0,0
21.3,0,0
21,0,0
20.5,0,0
20.1,0,0
19.8,0,0
19.6,0,0
19.4,0,0
19.3,0,0
19.3,0,35
19.6,0,99
19.7,3,187
19.9,0,96
20.7,0,244
21.3,29,365
21.9,32,375
22.3,199,274
22.2,231,200
22.1,283,92
22,27,25
21.7,0,0
21,0,0
20,0,0
19.5,0,0
19.3,0,0
19.2,0,0
19,0,0
18.9,0,0
18.8,0,0
18.6,0,0
18.4,0,0
18.4,0,0
18.3,0,0
18.2,0,29
18.2,4,139
18.3,103,226
18.5,490,210
19,267,335
19.4,477,266
19.9,716,152
20.3,685,134
20.6,484,139
20.5,146,115
20.2,53,25
19.7,0,0
19.2,0,0
18.9,0,0
18.7,0,0
18.7,0,0
18.7,0,0
18.6,0,0
18.6,0,0
18.6,0,0
18.3,0,0
18.1,0,0
18.1,0,0
18.1,0,0
18,0,16
17.9,0,30
17,0,70
16.4,0,105
16.6,0,93
16.4,0,32
16.2,0,44
16,0,73
15.7,0,92
15.5,0,62
15.9,0,14
16.3,0,0
16.6,0,0
16.8,0,0
16.7,0,0
16.7,0,0
16.7,0,0
16.7,0,0
16.7,0,0
16.6,0,0
16.5,0,0
16.5,0,0
16.5,0,0
16.4,0,0
16.6,82,37
17.1,378,97
17.6,583,124
18.3,739,118
19.3,767,131
20.2,649,190
20.9,767,128
21.4,707,124
21.7,600,108
21.9,424,73
21.9,54,20
21.8,0,0
21.5,0,0
21.1,0,0
20.8,0,0
20.4,0,0
20,0,0
19.4,0,0
19,0,0
18.7,0,0
18.2,0,0
17.9,0,0
17.7,0,0
17.6,0,0
17.6,79,32
17.9,345,100
18.3,397,175
18.9,414,234
19.7,241,337
20.2,15,354
20.6,224,321
20.9,389,230
21.2,190,203
21.4,180,103
21.2,27,20
20.9,0,0
20.7,0,0
20.5,0,0
20.2,0,0
20,0,0
19.9,0,0
19.7,0,0
19.3,0,0
19,0,0
18.5,0,0
18.1,0,0
17.9,0,0
17.6,0,0
17.6,155,29
17.9,501,77
18.2,680,100
18.8,791,104
19.9,831,109
20.7,836,112
21.5,818,110
22.2,770,105
22.7,672,92
23,475,66
23.1,101,17
22.9,0,0
22.3,0,0
21.4,0,0
20.6,0,0
19.7,0,0
19,0,0
18.5,0,0
18,0,0
17.6,0,0
16.8,0,0
16.2,0,0
16,0,0
15.7,0,0
15.5,166,28
15.5,518,72
16,667,101
16.7,409,221
17.4,718,151
18,564,224
18.6,660,172
19.1,726,116
19.3,631,99
19.5,436,68
19.5,74,18
19.1,0,0
18.6,0,0
18.4,0,0
18.2,0,0
18.2,0,0
18.3,0,0
18.3,0,0
18.2,0,0
18.2,0,0
18.2,0,0
18.3,0,0
18.3,0,0
18.2,0,0
18.1,49,25
18.1,67,123
17.9,21,219
18.1,25,263
18.7,9,357
19,5,273
19.1,0,185
19.1,0,174
18.8,0,89
18.8,0,41
18.9,0,9
19,0,0
19,0,0
18.7,0,0
18,0,0
17.5,0,0
17.1,0,0
16.5,0,0
16.2,0,0
16.1,0,0
15.8,0,0
15.6,0,0
15.9,0,0
16.1,0,0
16.3,102,26
16.7,415,82
17,405,167
17.4,684,131
18.1,753,131
18.5,629,190
19,781,118
19.3,742,108
19.4,655,90
19.5,460,63
19.6,95,15
18.9,0,0
17.7,0,0
16.6,0,0
16.1,0,0
16,0,0
15.7,0,0
15.3,0,0
14.9,0,0
14.6,0,0
14.4,0,0
14.3,0,0
14.1,0,0
13.9,0,0
13.7,174,23
13.9,539,68
14.4,701,92
15.3,790,102
16.4,821,112
17.2,798,128
17.9,845,99
18.4,801,94
18.6,698,84
18.6,490,60
18.4,95,14
18.1,0,0
18.1,0,0
17.9,0,0
17.6,0,0
17.5,0,0
17.5,0,0
17.3,0,0
16.9,0,0
16.5,0,0
16.1,0,0
15.7,0,0
15.5,0,0
15.3,0,0
15.2,155,22
15.5,528,67
16,711,87
16.7,816,90
17.7,855,95
18.7,836,108
19.4,856,92
19.8,812,87
20.1,723,77
20.3,537,55
20.3,112,13
19.9,0,0
19.8,0,0
19.6,0,0
19.3,0,0
18.9,0,0
18.7,0,0
18.4,0,0
17.9,0,0
17.6,0,0
17.2,0,0
16.8,0,0
16.5,0,0
16.1,0,0
15.8,39,29
16,225,109
16.1,731,81
17,821,91
19.7,843,100
21.6,765,135
22.2,612,177
22.5,387,210
22.4,85,177
22.3,0,83
22.1,0,12
21.7,0,0
21.5,0,0
21.1,0,0
20.3,0,0
19.6,0,0
19,0,0
18.5,0,0
18.1,0,0
17.7,0,0
17.3,0,0
17,0,0
16.7,0,0
16.4,0,0
16.1,160,20
16.1,537,62
16.1,698,85
16.3,780,98
16.9,805,110
17.5,744,142
17.9,787,115
18.3,723,112
18.4,606,98
18.3,396,65
18.1,51,13
17.4,0,0
16.6,0,0
16.1,0,0
15.8,0,0
15.6,0,0
15.4,0,0
15.4,0,0
15.1,0,0
14.6,0,0
14.3,0,0
14,0,0
13.8,0,0
13.5,0,0
13.3,57,24
13.6,154,113
13.9,354,170
14.3,50,244
15.1,471,236
15.7,584,205
16.4,509,216
17,241,255
17,537,111
17,342,69
17.1,46,12
17.1,0,0
16.9,0,0
16.5,0,0
16,0,0
15.7,0,0
15.8,0,0
15.8,0,0
15.7,0,0
15.6,0,0
15.2,0,0
14.9,0,0
14.6,0,0
14.4,0,0
14.3,159,18
14.6,546,58
15,709,81
15.5,786,95
16.3,821,103
16.9,831,105
17.5,810,105
17.9,761,99
18.1,659,85
18.2,444,58
18.2,64,11
18,0,0
17.6,0,0
17.1,0,0
16.7,0,0
16.7,0,0
16.7,0,0
16.8,0,0
16.9,0,0
16.8,0,0
16.7,0,0
16.5,0,0
15.7,0,0
14.2,0,0
13.2,0,13
13.5,33,91
13.9,0,130
14.5,0,191
15.4,0,218
16.3,93,340
17.5,638,161
19.1,317,211
19.8,55,162
20,0,84
20,5,11
19.4,0,0
18.4,0,0
17.6,0,0
16.9,0,0
16.4,0,0
16.3,0,0
16.2,0,0
15.9,0,0
15.8,0,0
15.8,0,0
15.7,0,0
15.7,0,0
15.8,0,0
16.3,184,15
17.1,620,47
18.2,778,63
19.4,850,72
20.2,882,78
20.6,884,82
20.8,874,79
20.8,828,75
20.8,736,66
20.6,544,46
19.9,92,9
19.1,0,0
18.4,0,0
17.7,0,0
17.1,0,0
16.8,0,0
16.6,0,0
16.4,0,0
16.1,0,0
16,0,0
15.9,0,0
15.8,0,0
15.6,0,0
15.3,0,0
15.3,12,18
15.5,0,87
15.6,0,131
15.7,0,184
15.8,0,171
15.9,14,287
16.1,87,315
16.4,0,224
16.7,82,164
16.8,0,40
16.7,14,10
16.5,0,0
16.1,0,0
16.1,0,0
15.9,0,0
16.2,0,0
17.3,0,0
18.1,0,0
18.1,0,0
17.7,0,0
18,0,0
18.4,0,0
18.5,0,0
18.4,0,0
18.7,0,9
18.7,1,45
17.9,156,160
18.3,256,239
19.7,89,328
20.7,618,180
21.5,762,115
22.2,575,146
22,618,87
20.9,190,73
19.6,27,10
18.3,0,0
17.5,0,0
17,0,0
16.3,0,0
16,0,0
15.8,0,0
15.4,0,0
15.1,0,0
14.7,0,0
14.2,0,0
13.9,0,0
13.6,0,0
13.3,0,0
13.1,34,18
13.2,426,71
13.5,697,79
13.9,786,90
14.6,763,120
15.3,665,165
15.8,802,103
16.1,762,93
16.4,655,81
16.6,450,53
16.5,57,9
16.4,0,0
16.3,0,0
16.3,0,0
16.3,0,0
16.2,0,0
16.1,0,0
15.9,0,0
15.4,0,0
15,0,0
14.7,0,0
14.4,0,0
14.2,0,0
13.9,0,0
13.8,71,15
13.9,402,68
14.3,595,103
15.1,692,123
16,735,134
16.7,753,134
17.2,787,109
17.7,734,102
18.1,612,89
18.4,374,58
18.3,36,9
18.1,0,0
17.9,0,0
17.8,0,0
17.4,0,0
17.1,0,0
17,0,0
16.7,0,0
16.3,0,0
15.7,0,0
15,0,0
14.6,0,0
14.4,0,0
14.4,0,0
14.4,101,13
14.8,505,56
15.7,689,80
16.9,763,99
18,749,126
18.7,725,143
18.8,812,98
18.6,751,95
18.5,588,93
18.4,426,53
17.9,48,8
17.3,0,0
16.8,0,0
16.4,0,0
16.2,0,0
16,0,0
15.7,0,0
15.5,0,0
15.2,0,0
14.9,0,0
15.1,0,0
15.3,0,0
15.3,0,0
15.5,0,0
15.7,0,8
15.8,0,41
14.3,12,137
12.8,424,183
13.6,689,135
16.3,664,154
19.8,671,142
21.5,465,166
21.3,554,99
21,207,70
20.7,27,8
20.4,0,0
20.4,0,0
20.5,0,0
20.7,0,0
20.8,0,0
21,0,0
21,0,0
19.6,0,0
18,0,0
17,0,0
16,0,0
15.8,0,0
16.1,0,0
16.4,0,11
16.8,0,69
17,0,114
17.3,48,195
17.9,190,302
18.6,558,195
19.2,785,101
19.6,569,129
19.6,312,148
19.6,339,55
19.4,31,8
19,0,0
18.1,0,0
16.8,0,0
16.1,0,0
15.7,0,0
15.3,0,0
14.9,0,0
14.5,0,0
13.9,0,0
13.5,0,0
13.2,0,0
13.1,0,0
12.9,0,0
12.5,74,12
12.5,513,52
13.4,712,75
14.4,802,87
14.8,838,94
14.9,821,106
14.6,783,110
14.4,624,135
14.3,539,108
14.1,367,53
13.7,20,9
13.4,0,0
13,0,0
12.6,0,0
12.3,0,0
12,0,0
11.7,0,0
11.5,0,0
11.3,0,0
11.1,0,0
11,0,0
10.9,0,0
10.8,0,0
10.6,0,0
10.5,27,13
10.6,40,105
11.2,348,152
12,792,89
12.9,837,95
13.8,849,97
14.5,838,94
15,791,87
15.2,686,74
15.3,457,49
15.2,44,7
15.1,0,0
14.9,0,0
14.5,0,0
14,0,0
13.7,0,0
13.5,0,0
13.3,0,0
13.1,0,0
12.8,0,0
12.5,0,0
12.1,0,0
11.8,0,0
11.5,0,0
11.1,0,7
10.8,0,57
10.3,0,62
9.6,0,104
9.5,0,75
9.3,0,55
9,0,49
9.2,0,46
9.5,0,45
9.5,0,34
9.5,0,2
9.8,0,0
9.9,0,0
10,0,0
10.1,0,0
10.1,0,0
10,0,0
10.1,0,0
10.4,0,0
10.8,0,0
11.2,0,0
11.4,0,0
11.5,0,0
11.6,0,0
11.6,0,6
11.5,0,60
11.5,0,66
11.7,0,117
11.8,0,148
11.8,0,128
12,0,109
12.2,0,93
12.5,0,87
12.8,0,43
13,0,2
13.1,0,0
13.1,0,0
13.2,0,0
13.4,0,0
13.5,0,0
13.4,0,0
13.4,0,0
13.5,0,0
13.5,0,0
13.5,0,0
13.6,0,0
13.7,0,0
14,0,0
14.3,0,6
14.6,0,62
15.1,0,85
15.7,0,205
16.7,0,267
17.9,4,290
18.8,0,253
19.2,0,203
19.3,0,167
19.2,0,50
19.1,0,6
18.9,0,0
19,0,0
19.1,0,0
19,0,0
18.8,0,0
18.7,0,0
18.5,0,0
18.1,0,0
17.6,0,0
17.4,0,0
17.2,0,0
17,0,0
16.7,0,0
16.5,0,9
16.7,167,77
17.2,47,168
17.9,18,228
19,0,234
20.1,162,258
21.1,722,115
21.7,670,106
21.5,541,90
21,232,59
20.8,2,7
19.4,0,0
17.6,0,0
16.6,0,0
15.9,0,0
15.1,0,0
14.5,0,0
13.7,0,0
12.7,0,0
12.1,0,0
11.9,0,0
11.6,0,0
11.2,0,0
10.7,0,0
10.3,0,4
10.2,0,37
10.2,0,55
10,0,30
9.8,0,28
9.7,0,57
9.9,0,96
10.3,0,75
10.6,0,63
10.7,0,44
10.9,0,3
11.1,0,0
11.2,0,0
11.2,0,0
11.2,0,0
11.2,0,0
11.2,0,0
11,0,0
10.9,0,0
10.8,0,0
10.6,0,0
10.4,0,0
10.3,0,0
10.1,0,0
10,0,7
10.1,0,35
10,0,46
9.7,0,44
9.7,0,45
9.9,0,91
10.2,0,87
10.8,0,91
11,0,94
11.1,0,32
11.4,0,2
11.7,0,0
12.1,0,0
12.3,0,0
12.4,0,0
12.4,0,0
12.5,0,0
12.5,0,0
12.4,0,0
12.2,0,0
12.1,0,0
12.2,0,0
12.4,0,0
12.4,0,0
12.3,0,4
12.3,0,33
12.5,0,37
12.5,0,71
12.1,0,42
11.3,0,69
10.4,0,43
9.8,0,44
9.5,0,45
9.4,0,29
8.8,0,2
8.3,0,0
8.1,0,0
7.8,0,0
7.7,0,0
7.9,0,0
7.8,0,0
7.5,0,0
7.2,0,0
6.7,0,0
6.2,0,0
5.9,0,0
5.8,0,0
5.7,0,0
5.6,57,6
5.8,534,43
6.1,746,64
6.6,836,75
7.2,874,83
7.8,880,87
8.4,857,89
9,805,84
9.5,713,69
9.9,505,43
10,44,5
10,0,0
9.8,0,0
9.7,0,0
9.4,0,0
9.3,0,0
9.3,0,0
9.2,0,0
9,0,0
8.7,0,0
8.4,0,0
8.2,0,0
8.2,0,0
8.1,0,0
8,48,6
8.3,511,44
8.8,732,67
9.6,825,78
10.4,867,84
10.6,874,87
10.8,852,88
10.9,797,83
11.1,683,72
11.3,443,46
11.2,31,5
11,0,0
10.8,0,0
10.7,0,0
10.4,0,0
10.2,0,0
10.1,0,0
10,0,0
10,0,0
9.9,0,0
9.8,0,0
9.6,0,0
9.4,0,0
9.2,0,0
8.9,0,5
8.8,0,74
8.6,0,121
8.7,199,207
9.6,628,151
10.5,448,216
11.3,126,279
12,351,170
12.5,0,136
13,188,65
13.7,26,5
14.6,0,0
15.2,0,0
14.9,0,0
13.5,0,0
12.4,0,0
12.4,0,0
12.7,0,0
12.8,0,0
12.7,0,0
12.8,0,0
12.9,0,0
12.7,0,0
12.6,0,0
12.9,0,4
13.4,0,71
13,0,78
12.9,0,131
13.2,0,81
11.6,0,78
10.1,0,52
10.4,0,56
12.1,3,102
13.1,1,38
12.5,2,5
12.3,0,0
12.5,0,0
12.7,0,0
12.7,0,0
12.6,0,0
12.8,0,0
12.8,0,0
12.7,0,0
12.7,0,0
12.8,0,0
12.9,0,0
12.6,0,0
12.1,0,0
11.7,12,6
11.7,290,58
12.4,588,86
13.1,832,71
13.7,877,76
14.5,888,78
15.1,869,78
15.3,815,74
15.4,704,65
15.5,205,60
15.2,33,5
14.9,0,0
14.6,0,0
14.3,0,0
13.8,0,0
13.2,0,0
12.7,0,0
12.2,0,0
11.7,0,0
11.4,0,0
11.2,0,0
11,0,0
10.6,0,0
10.2,0,0
9.9,35,4
9.9,485,41
10.5,712,65
11.4,806,79
12.2,846,88
13,851,94
13.6,826,95
14,762,91
14.4,644,77
14.7,408,48
14.5,26,5
14.3,0,0
14.2,0,0
13.7,0,0
12.8,0,0
12.1,0,0
11.7,0,0
11.3,0,0
11,0,0
10.7,0,0
10.3,0,0
10,0,0
9.7,0,0
9.4,0,0
9.3,27,4
9.4,444,42
10.1,685,68
10.9,779,84
11.6,767,113
12.2,731,134
12.6,648,152
12.9,683,113
13.2,634,78
13.2,339,51
13.1,24,5
13,0,0
13,0,0
12.6,0,0
12,0,0
11.7,0,0
11.4,0,0
11.1,0,0
10.7,0,0
10.2,0,0
9.8,0,0
9.5,0,0
9.2,0,0
9,0,0
8.8,0,1
8.7,23,71
8.8,0,111
9.1,0,135
9.6,0,202
10,21,279
10.5,0,250
10.9,54,180
10.7,127,148
10.6,12,58
10.7,0,4
10.6,0,0
10.4,0,0
10.2,0,0
9.9,0,0
9.6,0,0
9.3,0,0
9,0,0
8.8,0,0
8.6,0,0
8.4,0,0
8.3,0,0
8.3,0,0
8.2,0,0
8.1,0,1
8.1,0,28
7.8,0,46
7.5,0,68
7.5,0,53
7.5,0,77
7.6,0,68
7.8,0,94
7.8,0,70
7.7,0,33
7.7,0,4
7.6,0,0
7.8,0,0
8,0,0
7.9,0,0
7.9,0,0
8.2,0,0
8.2,0,0
8.2,0,0
8.1,0,0
8.1,0,0
8.1,0,0
8,0,0
7.9,0,0
7.7,21,3
7.8,457,40
8.4,697,66
9.3,798,81
10,842,89
10.6,853,93
11.1,837,92
11.5,791,85
12,688,70
12.3,436,45
12.2,27,5
12.1,0,0
11.9,0,0
11.2,0,0
10.4,0,0
9.8,0,0
9.4,0,0
9,0,0
8.7,0,0
8.4,0,0
8.2,0,0
7.9,0,0
7.7,0,0
7.7,0,0
7.7,12,3
7.8,13,65
7.8,0,118
8.1,109,243
8.5,495,190
8.9,130,250
9.5,94,269
10.1,0,195
10,0,125
9.8,0,56
10.1,0,4
10.5,0,0
10.5,0,0
10.4,0,0
9.7,0,0
9,0,0
8.9,0,0
8.7,0,0
8.7,0,0
8.8,0,0
8.7,0,0
8.5,0,0
8.4,0,0
8.7,0,0
9.1,0,2
9.4,8,47
9.9,225,127
10.4,433,166
10.8,75,278
11.4,5,320
11.6,314,230
11.9,27,232
12.7,50,150
13.1,21,71
13.1,0,4
13,0,0
12.7,0,0
12.6,0,0
12.5,0,0
12.4,0,0
12.1,0,0
11.9,0,0
11.8,0,0
11.7,0,0
11.6,0,0
11.5,0,0
11.3,0,0
11,0,0
10.9,5,3
11.1,100,63
11.9,26,163
12.8,0,219
13.7,0,298
14.4,131,290
14.9,181,269
15.2,95,251
15.4,247,142
15.4,0,73
15.3,0,4
15.1,0,0
14.9,0,0
14.7,0,0
14.2,0,0
13.7,0,0
13.5,0,0
13.2,0,0
12.9,0,0
12.8,0,0
12.6,0,0
12.4,0,0
12.2,0,0
12,0,0
11.9,11,2
12.2,365,42
13.3,631,74
14.8,739,94
15.8,783,107
16.7,802,108
17.5,810,97
17.4,724,95
16.6,313,106
15.7,429,45
14.8,28,5
13.7,0,0
12.6,0,0
11.5,0,0
10.8,0,0
10.5,0,0
10.3,0,0
9.9,0,0
9.4,0,0
9,0,0
8.8,0,0
8.6,0,0
8.3,0,0
8.2,0,0
8.1,10,2
8.1,12,47
8.2,0,90
8.4,0,124
8.7,0,153
8.9,0,128
9.1,0,149
9.4,0,115
9.5,21,155
9.6,4,65
9.6,15,5
9.6,0,0
9.6,0,0
9.5,0,0
9.3,0,0
9.1,0,0
9.2,0,0
9.2,0,0
9.2,0,0
9.1,0,0
8.8,0,0
8.6,0,0
8.4,0,0
8.2,0,0
8.1,6,2
8.3,286,44
8.4,576,80
9,717,97
10.4,793,102
12.3,832,98
13.9,834,91
14.8,792,83
15.5,680,71
16,438,45
15.6,31,5
14.6,0,0
14,0,0
13.6,0,0
12.6,0,0
11.9,0,0
11.7,0,0
11,0,0
10.3,0,0
9.9,0,0
9.9,0,0
9.8,0,0
9.6,0,0
9.4,0,0
9,0,2
8.7,72,55
9,140,124
9.7,212,224
10.2,496,194
10.7,667,156
11,703,137
11.2,755,95
11.4,467,111
11.5,101,81
11.4,20,6
11.1,0,0
10.8,0,0
10.5,0,0
10.1,0,0
9.8,0,0
9.5,0,0
9.2,0,0
8.9,0,0
8.7,0,0
8.3,0,0
7.9,0,0
7.7,0,0
7.5,0,0
7.4,0,1
7.4,288,41
7.7,610,74
8.4,743,90
9.3,800,100
10.2,815,105
10.9,805,102
11.5,755,94
12,646,77
12.3,415,47
12.4,29,5
12.4,0,0
12.3,0,0
12.1,0,0
11.8,0,0
11.5,0,0
11.4,0,0
11.3,0,0
11.1,0,0
10.9,0,0
10.4,0,0
10.1,0,0
9.8,0,0
9.6,0,0
9.4,0,1
9.2,0,31
8.9,0,50
8.8,0,97
9.2,0,114
9.5,0,163
9.8,0,182
10.1,0,109
10.3,0,132
10.4,0,58
10.6,0,4
10.7,0,0
10.7,0,0
10.8,0,0
10.7,0,0
10.7,0,0
10.9,0,0
11.1,0,0
11.1,0,0
11.1,0,0
10.9,0,0
10.6,0,0
10.5,0,0
10.5,0,0
10.5,3,1
10.9,175,49
11.5,322,111
12.5,541,132
13.7,326,223
14.9,1,171
15.9,48,203
16.5,204,213
16.7,510,95
16.7,181,66
16.3,23,6
15.8,0,0
15.1,0,0
14.4,0,0
13.6,0,0
13,0,0
12.7,0,0
12.5,0,0
12.4,0,0
12.2,0,0
12,0,0
11.7,0,0
11.5,0,0
11.4,0,0
11.2,0,1
11.1,21,46
10.9,0,64
10.8,0,97
10.8,0,44
10.8,0,23
10.6,0,46
10.5,0,26
10.1,0,42
9.9,0,31
10,0,4
10,0,0
10,0,0
10.1,0,0
10,0,0
9.8,0,0
9.9,0,0
9.9,0,0
10,0,0
10,0,0
9.8,0,0
9.7,0,0
9.6,0,0
9.4,0,0
9.3,3,1
9.5,295,39
9.9,633,68
10.6,783,77
11.8,851,81
13.1,870,83
14.1,852,83
14.7,797,80
15,627,79
15.1,443,46
14.7,35,6
13.8,0,0
12.8,0,0
11.8,0,0
11.3,0,0
11.2,0,0
11.2,0,0
11.2,0,0
10.9,0,0
10.4,0,0
9.6,0,0
9.1,0,0
9,0,0
8.9,0,0
8.7,0,0
8.6,0,36
8.4,0,56
8.2,0,82
8.6,0,83
9.1,0,84
9.6,0,129
10,0,116
9.9,0,125
9.6,0,65
9.7,0,2
9.8,0,0
9.8,0,0
9.8,0,0
9.4,0,0
9.1,0,0
9,0,0
8.9,0,0
8.9,0,0
8.7,0,0
8.5,0,0
8.4,0,0
8.4,0,0
8.3,0,0
8.4,0,1
8.5,2,47
8.5,3,97
8.9,0,144
9.4,0,160
9.8,0,118
10.2,0,92
10.4,0,99
10.3,0,78
10,0,38
9.5,0,2
8.9,0,0
8.6,0,0
8.4,0,0
7.9,0,0
7.5,0,0
7.3,0,0
7.1,0,0
6.9,0,0
6.6,0,0
6.2,0,0
5.9,0,0
6.1,0,0
6.4,0,0
6.7,0,0
7.2,0,49
7.6,36,144
8.1,1,186
8.9,116,223
9.7,705,139
10.4,783,108
10.9,689,111
11,129,156
11.1,118,78
11.3,30,7
11.4,0,0
11.4,0,0
11.4,0,0
11.2,0,0
11,0,0
10.9,0,0
10.6,0,0
10.1,0,0
9.6,0,0
9.4,0,0
9.4,0,0
9.2,0,0
8.8,0,0
8.6,3,1
8.7,361,33
9.3,645,66
10.3,756,85
11.1,816,94
11.5,828,101
11.8,838,92
11.8,574,146
11.8,211,161
11.6,38,87
11.2,49,6
10.7,0,0
10.2,0,0
9.7,0,0
8.9,0,0
8.2,0,0
7.8,0,0
7.5,0,0
7.2,0,0
6.8,0,0
6.5,0,0
6.4,0,0
6.4,0,0
6.5,0,0
6.6,0,1
6.7,0,38
6.6,0,89
6.8,0,124
7.2,0,132
7.7,0,113
8.3,0,169
9,0,201
9.3,288,152
9.6,77,86
9.8,39,7
9.7,0,0
9.6,0,0
9.3,0,0
8.8,0,0
8.3,0,0
8.3,0,0
8.2,0,0
8.2,0,0
8.2,0,0
8.1,0,0
8,0,0
8.1,0,0
8.3,0,0
8.5,0,0
8.8,54,45
9.2,0,101
9.7,0,154
10.4,0,258
11.1,0,263
11.7,0,244
12.2,0,152
12.3,0,93
12.4,13,80
12.4,0,4
12.2,0,0
11.8,0,0
11.5,0,0
11.2,0,0
11,0,0
11,0,0
10.8,0,0
10.6,0,0
10.4,0,0
9.9,0,0
9.6,0,0
9.3,0,0
9.1,0,0
9,0,0
9.3,98,42
10.2,593,69
11.3,602,119
13.3,0,150
14.6,25,198
14.1,789,107
13.1,831,77
12.2,745,65
11.9,533,44
11.3,62,7
10.3,0,0
9.7,0,0
9,0,0
8.5,0,0
8.3,0,0
8.3,0,0
8.1,0,0
7.8,0,0
7.4,0,0
7.4,0,0
7.5,0,0
7.4,0,0
7.2,0,0
6.9,3,1
6.7,377,31
7.3,699,59
8.2,823,73
8.9,877,81
9.5,895,84
10,888,82
10.4,847,76
10.6,758,64
10.6,558,43
10.2,74,7
9.7,0,0
9.1,0,0
8.7,0,0
8.4,0,0
8,0,0
7.5,0,0
7.1,0,0
6.7,0,0
6.4,0,0
6.2,0,0
6,0,0
5.8,0,0
5.6,0,0
5.5,2,1
5.5,343,32
6.1,659,64
6.9,784,80
7.5,838,90
8.2,852,94
8.9,842,92
9.5,791,87
10.1,676,77
10.5,379,55
10.6,26,9
10.6,0,0
10.5,0,0
10.3,0,0
10.1,0,0
10.1,0,0
10,0,0
9.8,0,0
9.5,0,0
9.4,0,0
9.2,0,0
8.8,0,0
8.5,0,0
8.3,0,0
8.1,0,0
8.1,0,26
8.1,0,55
8.1,0,95
8.5,0,96
9.1,0,135
9.6,0,143
10.3,0,224
9.9,19,170
9.3,0,67
9.6,0,7
10.4,0,0
11.1,0,0
11.4,0,0
10.7,0,0
10.2,0,0
10.4,0,0
10.1,0,0
9.6,0,0
9.4,0,0
9.2,0,0
9.1,0,0
9.4,0,0
9.5,0,0
9.8,0,0
10.5,216,39
10.9,555,76
11.9,789,75
13.4,859,81
14.4,869,87
15.3,838,92
16.2,779,89
14.6,682,76
12,473,51
10.1,60,9
8.6,0,0
7.7,0,0
7.1,0,0
6.6,0,0
6.4,0,0
6.3,0,0
5.9,0,0
5.5,0,0
5.2,0,0
5.1,0,0
5.2,0,0
5.3,0,0
5.3,0,0
5.3,0,0
5.2,167,45
5.4,366,116
